<?xml version="1.0" encoding="UTF-8" standalone="no" ?>
<gpx xmlns="http://www.topografix.com/GPX/1/1" xmlns:gpxx="http://www.garmin.com/xmlschemas/GpxExtensions/v3" xmlns:gpxtpx="http://www.garmin.com/xmlschemas/TrackPointExtension/v1" creator="mapstogpx.com" version="1.1" xmlns:xsi="http://www.w3.org/2001/XMLSchema-instance" xsi:schemaLocation="http://www.topografix.com/GPX/1/1 http://www.topografix.com/GPX/1/1/gpx.xsd http://www.garmin.com/xmlschemas/GpxExtensions/v3 http://www.garmin.com/xmlschemas/GpxExtensionsv3.xsd http://www.garmin.com/xmlschemas/TrackPointExtension/v1 http://www.garmin.com/xmlschemas/TrackPointExtensionv1.xsd">
  <metadata>
    <link href="http://www.mapstogpx.com">
      <text>Sverrir Sigmundarson</text>
    </link>
    <!--desc>Powered by Google, ©2026 Google</desc-->
    <!--copyright author="Google Inc">
    	<year>2026</year>
    	<license>https://developers.google.com/maps/terms</license>
    </copyright-->
    <!--url>https://www.google.com/maps/dir/Paradise+Valley,+Paradise+Valley+Agadir,+Imouzzer+Ida+Ou+Tanane%D8%8C,+Agadir+80000,+Imouzzer+Ida+Ou+Tanane+85000,+Marocco%E2%80%AD/%D8%AF%D9%88%D8%A7%D8%B1+%D8%A3%D8%AE%D8%B1%D8%A7%D8%B2%D8%8C+H8X4%2BR22,+Adenz,+Marocco%E2%80%AD/Color+Village,+J64C%2B5JW,+Aghroude,+Marocco/@30.5788932,-9.735868,26260m/data=!3m2!1e3!4b1!4m20!4m19!1m5!1m1!1s0xdb3c705080dd0a1:0xec3370b43cba2e08!2m2!1d-9.5281817!2d30.5877332!1m5!1m1!1s0xdb24d007aef92ab:0x7a920b77dbcf22c3!2m2!1d-9.6949619!2d30.5994652!1m5!1m1!1s0xdb2535f2c42c9ff:0x206fc014ef045c00!2m2!1d-9.7784084!2d30.6054958!3e0?entry=tts&g_ep=EgoyMDI2MDUwNi4wKgBIAVAD&skid=904fa336-de5b-4794-b21b-8130c31b3778&hl=en</url-->
    <time>2026-05-10T09:56:00Z</time>
  </metadata>
  <wpt lat="30.5877332" lon="-9.5281817">
    <name>Paradise Valley</name>
    <desc>Paradise Valley, Paradise Valley Agadir, Imouzzer Ida Ou Tanane،, Agadir 80000, Imouzzer Ida Ou Tanane 85000, Morocco</desc>
  </wpt>
  <wpt lat="30.5994652" lon="-9.6949619">
    <name>دوار أخراز، H8X4+R22</name>
    <desc>دوار أخراز, H8X4+R22, Adenz, Morocco</desc>
  </wpt>
  <wpt lat="30.6054958" lon="-9.7784084">
    <name>Color Village</name>
    <desc>Color Village, J64C+5JW, Aghroude, Morocco</desc>
  </wpt>
<trk>
  <name>Paradise Valley to Color Village</name>
  <number>1</number>
  <trkseg>
  <trkpt lat="30.5888874" lon="-9.5312201">
    <name>TP001</name>
  </trkpt>
  <trkpt lat="30.58886" lon="-9.53124">
    <name>TP002</name>
  </trkpt>
  <trkpt lat="30.58885" lon="-9.53125">
    <name>TP003</name>
  </trkpt>
  <trkpt lat="30.58885" lon="-9.53126">
    <name>TP004</name>
  </trkpt>
  <trkpt lat="30.58884" lon="-9.53126">
    <name>TP005</name>
  </trkpt>
  <trkpt lat="30.58883" lon="-9.53129">
    <name>TP006</name>
  </trkpt>
  <trkpt lat="30.58883" lon="-9.53131">
    <name>TP007</name>
  </trkpt>
  <trkpt lat="30.58883" lon="-9.53133">
    <name>TP008</name>
  </trkpt>
  <trkpt lat="30.58884" lon="-9.53136">
    <name>TP009</name>
  </trkpt>
  <trkpt lat="30.58886" lon="-9.53138">
    <name>TP010</name>
  </trkpt>
  <trkpt lat="30.5889" lon="-9.53143">
    <name>TP011</name>
  </trkpt>
  <trkpt lat="30.58894" lon="-9.53148">
    <name>TP012</name>
  </trkpt>
  <trkpt lat="30.58896" lon="-9.53151">
    <name>TP013</name>
  </trkpt>
  <trkpt lat="30.58897" lon="-9.53153">
    <name>TP014</name>
  </trkpt>
  <trkpt lat="30.58901" lon="-9.53159">
    <name>TP015</name>
  </trkpt>
  <trkpt lat="30.58901" lon="-9.53162">
    <name>TP016</name>
  </trkpt>
  <trkpt lat="30.58902" lon="-9.53167">
    <name>TP017</name>
  </trkpt>
  <trkpt lat="30.58903" lon="-9.53169">
    <name>TP018</name>
  </trkpt>
  <trkpt lat="30.58903" lon="-9.53173">
    <name>TP019</name>
  </trkpt>
  <trkpt lat="30.58903" lon="-9.53176">
    <name>TP020</name>
  </trkpt>
  <trkpt lat="30.58902" lon="-9.5318">
    <name>TP021</name>
  </trkpt>
  <trkpt lat="30.58901" lon="-9.53183">
    <name>TP022</name>
  </trkpt>
  <trkpt lat="30.58901" lon="-9.53184">
    <name>TP023</name>
  </trkpt>
  <trkpt lat="30.589" lon="-9.53186">
    <name>TP024</name>
  </trkpt>
  <trkpt lat="30.58898" lon="-9.53189">
    <name>TP025</name>
  </trkpt>
  <trkpt lat="30.58894" lon="-9.53192">
    <name>TP026</name>
  </trkpt>
  <trkpt lat="30.58892" lon="-9.53193">
    <name>TP027</name>
  </trkpt>
  <trkpt lat="30.58889" lon="-9.53193">
    <name>TP028</name>
  </trkpt>
  <trkpt lat="30.58886" lon="-9.53194">
    <name>TP029</name>
  </trkpt>
  <trkpt lat="30.58884" lon="-9.53195">
    <name>TP030</name>
  </trkpt>
  <trkpt lat="30.58874" lon="-9.53196">
    <name>TP031</name>
  </trkpt>
  <trkpt lat="30.58872" lon="-9.53196">
    <name>TP032</name>
  </trkpt>
  <trkpt lat="30.58868" lon="-9.53197">
    <name>TP033</name>
  </trkpt>
  <trkpt lat="30.58857" lon="-9.53199">
    <name>TP034</name>
  </trkpt>
  <trkpt lat="30.58854" lon="-9.53201">
    <name>TP035</name>
  </trkpt>
  <trkpt lat="30.58852" lon="-9.53202">
    <name>TP036</name>
  </trkpt>
  <trkpt lat="30.5884" lon="-9.53208">
    <name>TP037</name>
  </trkpt>
  <trkpt lat="30.58831" lon="-9.53213">
    <name>TP038</name>
  </trkpt>
  <trkpt lat="30.58828" lon="-9.53214">
    <name>TP039</name>
  </trkpt>
  <trkpt lat="30.58826" lon="-9.53214">
    <name>TP040</name>
  </trkpt>
  <trkpt lat="30.58821" lon="-9.53215">
    <name>TP041</name>
  </trkpt>
  <trkpt lat="30.58803" lon="-9.53212">
    <name>TP042</name>
  </trkpt>
  <trkpt lat="30.58781" lon="-9.53207">
    <name>TP043</name>
  </trkpt>
  <trkpt lat="30.58756" lon="-9.53205">
    <name>TP044</name>
  </trkpt>
  <trkpt lat="30.5874" lon="-9.53204">
    <name>TP045</name>
  </trkpt>
  <trkpt lat="30.58731" lon="-9.53204">
    <name>TP046</name>
  </trkpt>
  <trkpt lat="30.58728" lon="-9.53204">
    <name>TP047</name>
  </trkpt>
  <trkpt lat="30.58724" lon="-9.53206">
    <name>TP048</name>
  </trkpt>
  <trkpt lat="30.58721" lon="-9.53208">
    <name>TP049</name>
  </trkpt>
  <trkpt lat="30.58719" lon="-9.53209">
    <name>TP050</name>
  </trkpt>
  <trkpt lat="30.58718" lon="-9.5321">
    <name>TP051</name>
  </trkpt>
  <trkpt lat="30.58717" lon="-9.53212">
    <name>TP052</name>
  </trkpt>
  <trkpt lat="30.58717" lon="-9.53213">
    <name>TP053</name>
  </trkpt>
  <trkpt lat="30.58711" lon="-9.53224">
    <name>TP054</name>
  </trkpt>
  <trkpt lat="30.58709" lon="-9.5323">
    <name>TP055</name>
  </trkpt>
  <trkpt lat="30.58707" lon="-9.53234">
    <name>TP056</name>
  </trkpt>
  <trkpt lat="30.58706" lon="-9.53237">
    <name>TP057</name>
  </trkpt>
  <trkpt lat="30.58701" lon="-9.53245">
    <name>TP058</name>
  </trkpt>
  <trkpt lat="30.58698" lon="-9.53249">
    <name>TP059</name>
  </trkpt>
  <trkpt lat="30.58695" lon="-9.53252">
    <name>TP060</name>
  </trkpt>
  <trkpt lat="30.58693" lon="-9.53255">
    <name>TP061</name>
  </trkpt>
  <trkpt lat="30.5869" lon="-9.53256">
    <name>TP062</name>
  </trkpt>
  <trkpt lat="30.58683" lon="-9.53259">
    <name>TP063</name>
  </trkpt>
  <trkpt lat="30.58663" lon="-9.53266">
    <name>TP064</name>
  </trkpt>
  <trkpt lat="30.5866" lon="-9.53268">
    <name>TP065</name>
  </trkpt>
  <trkpt lat="30.58658" lon="-9.53269">
    <name>TP066</name>
  </trkpt>
  <trkpt lat="30.58655" lon="-9.53271">
    <name>TP067</name>
  </trkpt>
  <trkpt lat="30.58654" lon="-9.53272">
    <name>TP068</name>
  </trkpt>
  <trkpt lat="30.58652" lon="-9.53273">
    <name>TP069</name>
  </trkpt>
  <trkpt lat="30.5865" lon="-9.53275">
    <name>TP070</name>
  </trkpt>
  <trkpt lat="30.5865" lon="-9.53276">
    <name>TP071</name>
  </trkpt>
  <trkpt lat="30.58641" lon="-9.53286">
    <name>TP072</name>
  </trkpt>
  <trkpt lat="30.58637" lon="-9.5329">
    <name>TP073</name>
  </trkpt>
  <trkpt lat="30.58628" lon="-9.53303">
    <name>TP074</name>
  </trkpt>
  <trkpt lat="30.58607" lon="-9.53326">
    <name>TP075</name>
  </trkpt>
  <trkpt lat="30.58596" lon="-9.53334">
    <name>TP076</name>
  </trkpt>
  <trkpt lat="30.5858" lon="-9.53344">
    <name>TP077</name>
  </trkpt>
  <trkpt lat="30.58575" lon="-9.53346">
    <name>TP078</name>
  </trkpt>
  <trkpt lat="30.5855" lon="-9.53362">
    <name>TP079</name>
  </trkpt>
  <trkpt lat="30.58548" lon="-9.53363">
    <name>TP080</name>
  </trkpt>
  <trkpt lat="30.58536" lon="-9.53368">
    <name>TP081</name>
  </trkpt>
  <trkpt lat="30.58527" lon="-9.5337">
    <name>TP082</name>
  </trkpt>
  <trkpt lat="30.58516" lon="-9.53371">
    <name>TP083</name>
  </trkpt>
  <trkpt lat="30.58505" lon="-9.53372">
    <name>TP084</name>
  </trkpt>
  <trkpt lat="30.58494" lon="-9.53373">
    <name>TP085</name>
  </trkpt>
  <trkpt lat="30.58484" lon="-9.53373">
    <name>TP086</name>
  </trkpt>
  <trkpt lat="30.5848" lon="-9.53371">
    <name>TP087</name>
  </trkpt>
  <trkpt lat="30.58472" lon="-9.53369">
    <name>TP088</name>
  </trkpt>
  <trkpt lat="30.58455" lon="-9.53363">
    <name>TP089</name>
  </trkpt>
  <trkpt lat="30.58451" lon="-9.53362">
    <name>TP090</name>
  </trkpt>
  <trkpt lat="30.58448" lon="-9.53362">
    <name>TP091</name>
  </trkpt>
  <trkpt lat="30.58445" lon="-9.53361">
    <name>TP092</name>
  </trkpt>
  <trkpt lat="30.58444" lon="-9.53361">
    <name>TP093</name>
  </trkpt>
  <trkpt lat="30.58427" lon="-9.53361">
    <name>TP094</name>
  </trkpt>
  <trkpt lat="30.58424" lon="-9.53361">
    <name>TP095</name>
  </trkpt>
  <trkpt lat="30.58404" lon="-9.53362">
    <name>TP096</name>
  </trkpt>
  <trkpt lat="30.58383" lon="-9.5336">
    <name>TP097</name>
  </trkpt>
  <trkpt lat="30.58377" lon="-9.53361">
    <name>TP098</name>
  </trkpt>
  <trkpt lat="30.58372" lon="-9.53361">
    <name>TP099</name>
  </trkpt>
  <trkpt lat="30.58369" lon="-9.53361">
    <name>TP100</name>
  </trkpt>
  <trkpt lat="30.58365" lon="-9.53361">
    <name>TP101</name>
  </trkpt>
  <trkpt lat="30.58363" lon="-9.53361">
    <name>TP102</name>
  </trkpt>
  <trkpt lat="30.58359" lon="-9.53361">
    <name>TP103</name>
  </trkpt>
  <trkpt lat="30.58356" lon="-9.53361">
    <name>TP104</name>
  </trkpt>
  <trkpt lat="30.58334" lon="-9.53364">
    <name>TP105</name>
  </trkpt>
  <trkpt lat="30.58321" lon="-9.53367">
    <name>TP106</name>
  </trkpt>
  <trkpt lat="30.58312" lon="-9.53371">
    <name>TP107</name>
  </trkpt>
  <trkpt lat="30.58305" lon="-9.53373">
    <name>TP108</name>
  </trkpt>
  <trkpt lat="30.58285" lon="-9.5338">
    <name>TP109</name>
  </trkpt>
  <trkpt lat="30.58274" lon="-9.53387">
    <name>TP110</name>
  </trkpt>
  <trkpt lat="30.58262" lon="-9.53395">
    <name>TP111</name>
  </trkpt>
  <trkpt lat="30.58251" lon="-9.53404">
    <name>TP112</name>
  </trkpt>
  <trkpt lat="30.58243" lon="-9.53414">
    <name>TP113</name>
  </trkpt>
  <trkpt lat="30.58242" lon="-9.53415">
    <name>TP114</name>
  </trkpt>
  <trkpt lat="30.58232" lon="-9.53433">
    <name>TP115</name>
  </trkpt>
  <trkpt lat="30.5823" lon="-9.53436">
    <name>TP116</name>
  </trkpt>
  <trkpt lat="30.5822" lon="-9.53453">
    <name>TP117</name>
  </trkpt>
  <trkpt lat="30.58206" lon="-9.53479">
    <name>TP118</name>
  </trkpt>
  <trkpt lat="30.58204" lon="-9.53483">
    <name>TP119</name>
  </trkpt>
  <trkpt lat="30.58201" lon="-9.53489">
    <name>TP120</name>
  </trkpt>
  <trkpt lat="30.582" lon="-9.53492">
    <name>TP121</name>
  </trkpt>
  <trkpt lat="30.58197" lon="-9.53496">
    <name>TP122</name>
  </trkpt>
  <trkpt lat="30.5819" lon="-9.53507">
    <name>TP123</name>
  </trkpt>
  <trkpt lat="30.58182" lon="-9.53517">
    <name>TP124</name>
  </trkpt>
  <trkpt lat="30.58181" lon="-9.53519">
    <name>TP125</name>
  </trkpt>
  <trkpt lat="30.58178" lon="-9.53523">
    <name>TP126</name>
  </trkpt>
  <trkpt lat="30.5817" lon="-9.53531">
    <name>TP127</name>
  </trkpt>
  <trkpt lat="30.58169" lon="-9.53534">
    <name>TP128</name>
  </trkpt>
  <trkpt lat="30.58163" lon="-9.53544">
    <name>TP129</name>
  </trkpt>
  <trkpt lat="30.58159" lon="-9.53552">
    <name>TP130</name>
  </trkpt>
  <trkpt lat="30.58155" lon="-9.53562">
    <name>TP131</name>
  </trkpt>
  <trkpt lat="30.5815" lon="-9.5358">
    <name>TP132</name>
  </trkpt>
  <trkpt lat="30.58146" lon="-9.5359">
    <name>TP133</name>
  </trkpt>
  <trkpt lat="30.58145" lon="-9.53591">
    <name>TP134</name>
  </trkpt>
  <trkpt lat="30.58136" lon="-9.53607">
    <name>TP135</name>
  </trkpt>
  <trkpt lat="30.58129" lon="-9.53617">
    <name>TP136</name>
  </trkpt>
  <trkpt lat="30.58124" lon="-9.53623">
    <name>TP137</name>
  </trkpt>
  <trkpt lat="30.58111" lon="-9.53638">
    <name>TP138</name>
  </trkpt>
  <trkpt lat="30.58102" lon="-9.53649">
    <name>TP139</name>
  </trkpt>
  <trkpt lat="30.58098" lon="-9.53652">
    <name>TP140</name>
  </trkpt>
  <trkpt lat="30.58088" lon="-9.53659">
    <name>TP141</name>
  </trkpt>
  <trkpt lat="30.58082" lon="-9.53661">
    <name>TP142</name>
  </trkpt>
  <trkpt lat="30.58073" lon="-9.53665">
    <name>TP143</name>
  </trkpt>
  <trkpt lat="30.58065" lon="-9.53666">
    <name>TP144</name>
  </trkpt>
  <trkpt lat="30.58061" lon="-9.53665">
    <name>TP145</name>
  </trkpt>
  <trkpt lat="30.58056" lon="-9.53664">
    <name>TP146</name>
  </trkpt>
  <trkpt lat="30.58053" lon="-9.53662">
    <name>TP147</name>
  </trkpt>
  <trkpt lat="30.58049" lon="-9.5366">
    <name>TP148</name>
  </trkpt>
  <trkpt lat="30.58048" lon="-9.53659">
    <name>TP149</name>
  </trkpt>
  <trkpt lat="30.58035" lon="-9.53647">
    <name>TP150</name>
  </trkpt>
  <trkpt lat="30.58008" lon="-9.53621">
    <name>TP151</name>
  </trkpt>
  <trkpt lat="30.58006" lon="-9.53619">
    <name>TP152</name>
  </trkpt>
  <trkpt lat="30.58004" lon="-9.53617">
    <name>TP153</name>
  </trkpt>
  <trkpt lat="30.57994" lon="-9.53607">
    <name>TP154</name>
  </trkpt>
  <trkpt lat="30.57992" lon="-9.53606">
    <name>TP155</name>
  </trkpt>
  <trkpt lat="30.57986" lon="-9.53599">
    <name>TP156</name>
  </trkpt>
  <trkpt lat="30.57982" lon="-9.53597">
    <name>TP157</name>
  </trkpt>
  <trkpt lat="30.57978" lon="-9.53594">
    <name>TP158</name>
  </trkpt>
  <trkpt lat="30.57963" lon="-9.53587">
    <name>TP159</name>
  </trkpt>
  <trkpt lat="30.5794" lon="-9.5358">
    <name>TP160</name>
  </trkpt>
  <trkpt lat="30.57919" lon="-9.5357">
    <name>TP161</name>
  </trkpt>
  <trkpt lat="30.57909" lon="-9.53566">
    <name>TP162</name>
  </trkpt>
  <trkpt lat="30.57903" lon="-9.53562">
    <name>TP163</name>
  </trkpt>
  <trkpt lat="30.57895" lon="-9.53556">
    <name>TP164</name>
  </trkpt>
  <trkpt lat="30.57883" lon="-9.53548">
    <name>TP165</name>
  </trkpt>
  <trkpt lat="30.57875" lon="-9.53539">
    <name>TP166</name>
  </trkpt>
  <trkpt lat="30.5787" lon="-9.5353">
    <name>TP167</name>
  </trkpt>
  <trkpt lat="30.57867" lon="-9.53525">
    <name>TP168</name>
  </trkpt>
  <trkpt lat="30.57865" lon="-9.5352">
    <name>TP169</name>
  </trkpt>
  <trkpt lat="30.57864" lon="-9.53517">
    <name>TP170</name>
  </trkpt>
  <trkpt lat="30.57858" lon="-9.5351">
    <name>TP171</name>
  </trkpt>
  <trkpt lat="30.57853" lon="-9.53504">
    <name>TP172</name>
  </trkpt>
  <trkpt lat="30.57849" lon="-9.53499">
    <name>TP173</name>
  </trkpt>
  <trkpt lat="30.57827" lon="-9.53476">
    <name>TP174</name>
  </trkpt>
  <trkpt lat="30.57826" lon="-9.53476">
    <name>TP175</name>
  </trkpt>
  <trkpt lat="30.57823" lon="-9.53475">
    <name>TP176</name>
  </trkpt>
  <trkpt lat="30.5782" lon="-9.53473">
    <name>TP177</name>
  </trkpt>
  <trkpt lat="30.57817" lon="-9.53472">
    <name>TP178</name>
  </trkpt>
  <trkpt lat="30.57813" lon="-9.53471">
    <name>TP179</name>
  </trkpt>
  <trkpt lat="30.57809" lon="-9.53471">
    <name>TP180</name>
  </trkpt>
  <trkpt lat="30.57805" lon="-9.5347">
    <name>TP181</name>
  </trkpt>
  <trkpt lat="30.57802" lon="-9.5347">
    <name>TP182</name>
  </trkpt>
  <trkpt lat="30.57799" lon="-9.5347">
    <name>TP183</name>
  </trkpt>
  <trkpt lat="30.57795" lon="-9.53469">
    <name>TP184</name>
  </trkpt>
  <trkpt lat="30.57792" lon="-9.53469">
    <name>TP185</name>
  </trkpt>
  <trkpt lat="30.57791" lon="-9.5347">
    <name>TP186</name>
  </trkpt>
  <trkpt lat="30.57787" lon="-9.5347">
    <name>TP187</name>
  </trkpt>
  <trkpt lat="30.57778" lon="-9.53471">
    <name>TP188</name>
  </trkpt>
  <trkpt lat="30.57774" lon="-9.53472">
    <name>TP189</name>
  </trkpt>
  <trkpt lat="30.5777" lon="-9.53473">
    <name>TP190</name>
  </trkpt>
  <trkpt lat="30.57766" lon="-9.53475">
    <name>TP191</name>
  </trkpt>
  <trkpt lat="30.57762" lon="-9.53476">
    <name>TP192</name>
  </trkpt>
  <trkpt lat="30.57759" lon="-9.53477">
    <name>TP193</name>
  </trkpt>
  <trkpt lat="30.57755" lon="-9.53479">
    <name>TP194</name>
  </trkpt>
  <trkpt lat="30.57751" lon="-9.53481">
    <name>TP195</name>
  </trkpt>
  <trkpt lat="30.5774" lon="-9.53486">
    <name>TP196</name>
  </trkpt>
  <trkpt lat="30.57739" lon="-9.53486">
    <name>TP197</name>
  </trkpt>
  <trkpt lat="30.57709" lon="-9.53511">
    <name>TP198</name>
  </trkpt>
  <trkpt lat="30.57681" lon="-9.53536">
    <name>TP199</name>
  </trkpt>
  <trkpt lat="30.57638" lon="-9.53572">
    <name>TP200</name>
  </trkpt>
  <trkpt lat="30.57623" lon="-9.53585">
    <name>TP201</name>
  </trkpt>
  <trkpt lat="30.57616" lon="-9.5359">
    <name>TP202</name>
  </trkpt>
  <trkpt lat="30.57608" lon="-9.53596">
    <name>TP203</name>
  </trkpt>
  <trkpt lat="30.57593" lon="-9.53608">
    <name>TP204</name>
  </trkpt>
  <trkpt lat="30.57583" lon="-9.53615">
    <name>TP205</name>
  </trkpt>
  <trkpt lat="30.57578" lon="-9.5362">
    <name>TP206</name>
  </trkpt>
  <trkpt lat="30.57568" lon="-9.53631">
    <name>TP207</name>
  </trkpt>
  <trkpt lat="30.57565" lon="-9.53634">
    <name>TP208</name>
  </trkpt>
  <trkpt lat="30.5756" lon="-9.5364">
    <name>TP209</name>
  </trkpt>
  <trkpt lat="30.57556" lon="-9.53646">
    <name>TP210</name>
  </trkpt>
  <trkpt lat="30.57554" lon="-9.5365">
    <name>TP211</name>
  </trkpt>
  <trkpt lat="30.57553" lon="-9.53652">
    <name>TP212</name>
  </trkpt>
  <trkpt lat="30.57551" lon="-9.53657">
    <name>TP213</name>
  </trkpt>
  <trkpt lat="30.57548" lon="-9.53664">
    <name>TP214</name>
  </trkpt>
  <trkpt lat="30.57546" lon="-9.53669">
    <name>TP215</name>
  </trkpt>
  <trkpt lat="30.57544" lon="-9.53675">
    <name>TP216</name>
  </trkpt>
  <trkpt lat="30.57543" lon="-9.5368">
    <name>TP217</name>
  </trkpt>
  <trkpt lat="30.57543" lon="-9.53689">
    <name>TP218</name>
  </trkpt>
  <trkpt lat="30.57543" lon="-9.5371">
    <name>TP219</name>
  </trkpt>
  <trkpt lat="30.57544" lon="-9.53731">
    <name>TP220</name>
  </trkpt>
  <trkpt lat="30.57543" lon="-9.53739">
    <name>TP221</name>
  </trkpt>
  <trkpt lat="30.57542" lon="-9.53742">
    <name>TP222</name>
  </trkpt>
  <trkpt lat="30.57541" lon="-9.53745">
    <name>TP223</name>
  </trkpt>
  <trkpt lat="30.57538" lon="-9.53751">
    <name>TP224</name>
  </trkpt>
  <trkpt lat="30.57535" lon="-9.53758">
    <name>TP225</name>
  </trkpt>
  <trkpt lat="30.57527" lon="-9.53766">
    <name>TP226</name>
  </trkpt>
  <trkpt lat="30.57523" lon="-9.5377">
    <name>TP227</name>
  </trkpt>
  <trkpt lat="30.57512" lon="-9.53779">
    <name>TP228</name>
  </trkpt>
  <trkpt lat="30.57511" lon="-9.5378">
    <name>TP229</name>
  </trkpt>
  <trkpt lat="30.57496" lon="-9.53788">
    <name>TP230</name>
  </trkpt>
  <trkpt lat="30.57493" lon="-9.5379">
    <name>TP231</name>
  </trkpt>
  <trkpt lat="30.5748" lon="-9.53797">
    <name>TP232</name>
  </trkpt>
  <trkpt lat="30.57473" lon="-9.538">
    <name>TP233</name>
  </trkpt>
  <trkpt lat="30.57467" lon="-9.53803">
    <name>TP234</name>
  </trkpt>
  <trkpt lat="30.57463" lon="-9.53804">
    <name>TP235</name>
  </trkpt>
  <trkpt lat="30.57446" lon="-9.53811">
    <name>TP236</name>
  </trkpt>
  <trkpt lat="30.57429" lon="-9.53818">
    <name>TP237</name>
  </trkpt>
  <trkpt lat="30.57412" lon="-9.53823">
    <name>TP238</name>
  </trkpt>
  <trkpt lat="30.57394" lon="-9.53828">
    <name>TP239</name>
  </trkpt>
  <trkpt lat="30.57391" lon="-9.53828">
    <name>TP240</name>
  </trkpt>
  <trkpt lat="30.57387" lon="-9.53829">
    <name>TP241</name>
  </trkpt>
  <trkpt lat="30.57372" lon="-9.5383">
    <name>TP242</name>
  </trkpt>
  <trkpt lat="30.57358" lon="-9.53829">
    <name>TP243</name>
  </trkpt>
  <trkpt lat="30.57355" lon="-9.53829">
    <name>TP244</name>
  </trkpt>
  <trkpt lat="30.57345" lon="-9.53827">
    <name>TP245</name>
  </trkpt>
  <trkpt lat="30.5734" lon="-9.53826">
    <name>TP246</name>
  </trkpt>
  <trkpt lat="30.57338" lon="-9.53826">
    <name>TP247</name>
  </trkpt>
  <trkpt lat="30.57334" lon="-9.53826">
    <name>TP248</name>
  </trkpt>
  <trkpt lat="30.5732" lon="-9.53827">
    <name>TP249</name>
  </trkpt>
  <trkpt lat="30.57299" lon="-9.53834">
    <name>TP250</name>
  </trkpt>
  <trkpt lat="30.57287" lon="-9.53839">
    <name>TP251</name>
  </trkpt>
  <trkpt lat="30.57283" lon="-9.5384">
    <name>TP252</name>
  </trkpt>
  <trkpt lat="30.57277" lon="-9.53842">
    <name>TP253</name>
  </trkpt>
  <trkpt lat="30.57267" lon="-9.53845">
    <name>TP254</name>
  </trkpt>
  <trkpt lat="30.57247" lon="-9.53851">
    <name>TP255</name>
  </trkpt>
  <trkpt lat="30.57238" lon="-9.53853">
    <name>TP256</name>
  </trkpt>
  <trkpt lat="30.57234" lon="-9.53855">
    <name>TP257</name>
  </trkpt>
  <trkpt lat="30.5723" lon="-9.53856">
    <name>TP258</name>
  </trkpt>
  <trkpt lat="30.57226" lon="-9.53856">
    <name>TP259</name>
  </trkpt>
  <trkpt lat="30.57212" lon="-9.53859">
    <name>TP260</name>
  </trkpt>
  <trkpt lat="30.5721" lon="-9.53859">
    <name>TP261</name>
  </trkpt>
  <trkpt lat="30.57194" lon="-9.53861">
    <name>TP262</name>
  </trkpt>
  <trkpt lat="30.57176" lon="-9.53864">
    <name>TP263</name>
  </trkpt>
  <trkpt lat="30.57174" lon="-9.53864">
    <name>TP264</name>
  </trkpt>
  <trkpt lat="30.57163" lon="-9.53863">
    <name>TP265</name>
  </trkpt>
  <trkpt lat="30.57159" lon="-9.53862">
    <name>TP266</name>
  </trkpt>
  <trkpt lat="30.57158" lon="-9.53862">
    <name>TP267</name>
  </trkpt>
  <trkpt lat="30.57156" lon="-9.53862">
    <name>TP268</name>
  </trkpt>
  <trkpt lat="30.57143" lon="-9.53859">
    <name>TP269</name>
  </trkpt>
  <trkpt lat="30.57141" lon="-9.53858">
    <name>TP270</name>
  </trkpt>
  <trkpt lat="30.57128" lon="-9.53853">
    <name>TP271</name>
  </trkpt>
  <trkpt lat="30.57107" lon="-9.53842">
    <name>TP272</name>
  </trkpt>
  <trkpt lat="30.57102" lon="-9.53839">
    <name>TP273</name>
  </trkpt>
  <trkpt lat="30.57091" lon="-9.53833">
    <name>TP274</name>
  </trkpt>
  <trkpt lat="30.57083" lon="-9.53827">
    <name>TP275</name>
  </trkpt>
  <trkpt lat="30.57076" lon="-9.53822">
    <name>TP276</name>
  </trkpt>
  <trkpt lat="30.57063" lon="-9.53812">
    <name>TP277</name>
  </trkpt>
  <trkpt lat="30.57042" lon="-9.53788">
    <name>TP278</name>
  </trkpt>
  <trkpt lat="30.57034" lon="-9.53775">
    <name>TP279</name>
  </trkpt>
  <trkpt lat="30.57028" lon="-9.53762">
    <name>TP280</name>
  </trkpt>
  <trkpt lat="30.57026" lon="-9.53752">
    <name>TP281</name>
  </trkpt>
  <trkpt lat="30.57025" lon="-9.53747">
    <name>TP282</name>
  </trkpt>
  <trkpt lat="30.57025" lon="-9.53731">
    <name>TP283</name>
  </trkpt>
  <trkpt lat="30.57026" lon="-9.53717">
    <name>TP284</name>
  </trkpt>
  <trkpt lat="30.57028" lon="-9.53705">
    <name>TP285</name>
  </trkpt>
  <trkpt lat="30.57031" lon="-9.53692">
    <name>TP286</name>
  </trkpt>
  <trkpt lat="30.57032" lon="-9.53685">
    <name>TP287</name>
  </trkpt>
  <trkpt lat="30.57032" lon="-9.5368">
    <name>TP288</name>
  </trkpt>
  <trkpt lat="30.57032" lon="-9.53673">
    <name>TP289</name>
  </trkpt>
  <trkpt lat="30.57031" lon="-9.53668">
    <name>TP290</name>
  </trkpt>
  <trkpt lat="30.57031" lon="-9.53664">
    <name>TP291</name>
  </trkpt>
  <trkpt lat="30.5703" lon="-9.53662">
    <name>TP292</name>
  </trkpt>
  <trkpt lat="30.57028" lon="-9.53658">
    <name>TP293</name>
  </trkpt>
  <trkpt lat="30.57027" lon="-9.53655">
    <name>TP294</name>
  </trkpt>
  <trkpt lat="30.57025" lon="-9.53651">
    <name>TP295</name>
  </trkpt>
  <trkpt lat="30.57024" lon="-9.53648">
    <name>TP296</name>
  </trkpt>
  <trkpt lat="30.57023" lon="-9.53648">
    <name>TP297</name>
  </trkpt>
  <trkpt lat="30.57021" lon="-9.5364">
    <name>TP298</name>
  </trkpt>
  <trkpt lat="30.57019" lon="-9.53635">
    <name>TP299</name>
  </trkpt>
  <trkpt lat="30.57018" lon="-9.53631">
    <name>TP300</name>
  </trkpt>
  <trkpt lat="30.57018" lon="-9.53628">
    <name>TP301</name>
  </trkpt>
  <trkpt lat="30.57017" lon="-9.53626">
    <name>TP302</name>
  </trkpt>
  <trkpt lat="30.57017" lon="-9.53622">
    <name>TP303</name>
  </trkpt>
  <trkpt lat="30.57016" lon="-9.53611">
    <name>TP304</name>
  </trkpt>
  <trkpt lat="30.57015" lon="-9.53606">
    <name>TP305</name>
  </trkpt>
  <trkpt lat="30.57013" lon="-9.53596">
    <name>TP306</name>
  </trkpt>
  <trkpt lat="30.57012" lon="-9.53594">
    <name>TP307</name>
  </trkpt>
  <trkpt lat="30.57011" lon="-9.53591">
    <name>TP308</name>
  </trkpt>
  <trkpt lat="30.57009" lon="-9.53589">
    <name>TP309</name>
  </trkpt>
  <trkpt lat="30.57008" lon="-9.53586">
    <name>TP310</name>
  </trkpt>
  <trkpt lat="30.57006" lon="-9.53585">
    <name>TP311</name>
  </trkpt>
  <trkpt lat="30.57003" lon="-9.53581">
    <name>TP312</name>
  </trkpt>
  <trkpt lat="30.57001" lon="-9.5358">
    <name>TP313</name>
  </trkpt>
  <trkpt lat="30.56997" lon="-9.53578">
    <name>TP314</name>
  </trkpt>
  <trkpt lat="30.56992" lon="-9.53578">
    <name>TP315</name>
  </trkpt>
  <trkpt lat="30.56987" lon="-9.53578">
    <name>TP316</name>
  </trkpt>
  <trkpt lat="30.56977" lon="-9.53579">
    <name>TP317</name>
  </trkpt>
  <trkpt lat="30.56976" lon="-9.53579">
    <name>TP318</name>
  </trkpt>
  <trkpt lat="30.5695" lon="-9.53583">
    <name>TP319</name>
  </trkpt>
  <trkpt lat="30.5694" lon="-9.53585">
    <name>TP320</name>
  </trkpt>
  <trkpt lat="30.56935" lon="-9.53585">
    <name>TP321</name>
  </trkpt>
  <trkpt lat="30.56923" lon="-9.53588">
    <name>TP322</name>
  </trkpt>
  <trkpt lat="30.56922" lon="-9.53588">
    <name>TP323</name>
  </trkpt>
  <trkpt lat="30.56912" lon="-9.53591">
    <name>TP324</name>
  </trkpt>
  <trkpt lat="30.56905" lon="-9.53593">
    <name>TP325</name>
  </trkpt>
  <trkpt lat="30.56905" lon="-9.53594">
    <name>TP326</name>
  </trkpt>
  <trkpt lat="30.56898" lon="-9.53597">
    <name>TP327</name>
  </trkpt>
  <trkpt lat="30.5689" lon="-9.53603">
    <name>TP328</name>
  </trkpt>
  <trkpt lat="30.5689" lon="-9.53604">
    <name>TP329</name>
  </trkpt>
  <trkpt lat="30.56876" lon="-9.53618">
    <name>TP330</name>
  </trkpt>
  <trkpt lat="30.56864" lon="-9.53633">
    <name>TP331</name>
  </trkpt>
  <trkpt lat="30.56852" lon="-9.53648">
    <name>TP332</name>
  </trkpt>
  <trkpt lat="30.5685" lon="-9.53651">
    <name>TP333</name>
  </trkpt>
  <trkpt lat="30.5684" lon="-9.53663">
    <name>TP334</name>
  </trkpt>
  <trkpt lat="30.56827" lon="-9.53678">
    <name>TP335</name>
  </trkpt>
  <trkpt lat="30.56824" lon="-9.53682">
    <name>TP336</name>
  </trkpt>
  <trkpt lat="30.56818" lon="-9.5369">
    <name>TP337</name>
  </trkpt>
  <trkpt lat="30.56816" lon="-9.53695">
    <name>TP338</name>
  </trkpt>
  <trkpt lat="30.56815" lon="-9.53696">
    <name>TP339</name>
  </trkpt>
  <trkpt lat="30.56814" lon="-9.53699">
    <name>TP340</name>
  </trkpt>
  <trkpt lat="30.56814" lon="-9.53704">
    <name>TP341</name>
  </trkpt>
  <trkpt lat="30.56814" lon="-9.53708">
    <name>TP342</name>
  </trkpt>
  <trkpt lat="30.56812" lon="-9.53718">
    <name>TP343</name>
  </trkpt>
  <trkpt lat="30.5681" lon="-9.53721">
    <name>TP344</name>
  </trkpt>
  <trkpt lat="30.56808" lon="-9.53723">
    <name>TP345</name>
  </trkpt>
  <trkpt lat="30.56806" lon="-9.53725">
    <name>TP346</name>
  </trkpt>
  <trkpt lat="30.56801" lon="-9.53727">
    <name>TP347</name>
  </trkpt>
  <trkpt lat="30.568" lon="-9.53728">
    <name>TP348</name>
  </trkpt>
  <trkpt lat="30.56798" lon="-9.53728">
    <name>TP349</name>
  </trkpt>
  <trkpt lat="30.56794" lon="-9.53729">
    <name>TP350</name>
  </trkpt>
  <trkpt lat="30.56791" lon="-9.53729">
    <name>TP351</name>
  </trkpt>
  <trkpt lat="30.56785" lon="-9.53729">
    <name>TP352</name>
  </trkpt>
  <trkpt lat="30.56782" lon="-9.53729">
    <name>TP353</name>
  </trkpt>
  <trkpt lat="30.56765" lon="-9.53728">
    <name>TP354</name>
  </trkpt>
  <trkpt lat="30.56764" lon="-9.53728">
    <name>TP355</name>
  </trkpt>
  <trkpt lat="30.56762" lon="-9.53728">
    <name>TP356</name>
  </trkpt>
  <trkpt lat="30.56756" lon="-9.53725">
    <name>TP357</name>
  </trkpt>
  <trkpt lat="30.56753" lon="-9.53723">
    <name>TP358</name>
  </trkpt>
  <trkpt lat="30.56749" lon="-9.53719">
    <name>TP359</name>
  </trkpt>
  <trkpt lat="30.56748" lon="-9.53718">
    <name>TP360</name>
  </trkpt>
  <trkpt lat="30.56746" lon="-9.53715">
    <name>TP361</name>
  </trkpt>
  <trkpt lat="30.56744" lon="-9.53711">
    <name>TP362</name>
  </trkpt>
  <trkpt lat="30.56741" lon="-9.53705">
    <name>TP363</name>
  </trkpt>
  <trkpt lat="30.5674" lon="-9.537">
    <name>TP364</name>
  </trkpt>
  <trkpt lat="30.56739" lon="-9.53699">
    <name>TP365</name>
  </trkpt>
  <trkpt lat="30.56738" lon="-9.53692">
    <name>TP366</name>
  </trkpt>
  <trkpt lat="30.56736" lon="-9.53677">
    <name>TP367</name>
  </trkpt>
  <trkpt lat="30.56735" lon="-9.53666">
    <name>TP368</name>
  </trkpt>
  <trkpt lat="30.56734" lon="-9.53659">
    <name>TP369</name>
  </trkpt>
  <trkpt lat="30.56732" lon="-9.5365">
    <name>TP370</name>
  </trkpt>
  <trkpt lat="30.5673" lon="-9.53646">
    <name>TP371</name>
  </trkpt>
  <trkpt lat="30.56728" lon="-9.53639">
    <name>TP372</name>
  </trkpt>
  <trkpt lat="30.56727" lon="-9.53638">
    <name>TP373</name>
  </trkpt>
  <trkpt lat="30.56726" lon="-9.53635">
    <name>TP374</name>
  </trkpt>
  <trkpt lat="30.56723" lon="-9.53631">
    <name>TP375</name>
  </trkpt>
  <trkpt lat="30.5672" lon="-9.53628">
    <name>TP376</name>
  </trkpt>
  <trkpt lat="30.56717" lon="-9.53625">
    <name>TP377</name>
  </trkpt>
  <trkpt lat="30.56716" lon="-9.53624">
    <name>TP378</name>
  </trkpt>
  <trkpt lat="30.56715" lon="-9.53624">
    <name>TP379</name>
  </trkpt>
  <trkpt lat="30.56707" lon="-9.53621">
    <name>TP380</name>
  </trkpt>
  <trkpt lat="30.56702" lon="-9.53621">
    <name>TP381</name>
  </trkpt>
  <trkpt lat="30.56693" lon="-9.53621">
    <name>TP382</name>
  </trkpt>
  <trkpt lat="30.56687" lon="-9.53622">
    <name>TP383</name>
  </trkpt>
  <trkpt lat="30.56681" lon="-9.53627">
    <name>TP384</name>
  </trkpt>
  <trkpt lat="30.56676" lon="-9.53633">
    <name>TP385</name>
  </trkpt>
  <trkpt lat="30.56673" lon="-9.53637">
    <name>TP386</name>
  </trkpt>
  <trkpt lat="30.56668" lon="-9.53642">
    <name>TP387</name>
  </trkpt>
  <trkpt lat="30.56662" lon="-9.53654">
    <name>TP388</name>
  </trkpt>
  <trkpt lat="30.56648" lon="-9.53682">
    <name>TP389</name>
  </trkpt>
  <trkpt lat="30.56644" lon="-9.53689">
    <name>TP390</name>
  </trkpt>
  <trkpt lat="30.56634" lon="-9.53707">
    <name>TP391</name>
  </trkpt>
  <trkpt lat="30.56627" lon="-9.53719">
    <name>TP392</name>
  </trkpt>
  <trkpt lat="30.56624" lon="-9.53724">
    <name>TP393</name>
  </trkpt>
  <trkpt lat="30.56617" lon="-9.53739">
    <name>TP394</name>
  </trkpt>
  <trkpt lat="30.56606" lon="-9.5376">
    <name>TP395</name>
  </trkpt>
  <trkpt lat="30.56604" lon="-9.53764">
    <name>TP396</name>
  </trkpt>
  <trkpt lat="30.56596" lon="-9.53777">
    <name>TP397</name>
  </trkpt>
  <trkpt lat="30.56565" lon="-9.53827">
    <name>TP398</name>
  </trkpt>
  <trkpt lat="30.56559" lon="-9.53837">
    <name>TP399</name>
  </trkpt>
  <trkpt lat="30.56556" lon="-9.5384">
    <name>TP400</name>
  </trkpt>
  <trkpt lat="30.56553" lon="-9.53842">
    <name>TP401</name>
  </trkpt>
  <trkpt lat="30.56552" lon="-9.53843">
    <name>TP402</name>
  </trkpt>
  <trkpt lat="30.56551" lon="-9.53844">
    <name>TP403</name>
  </trkpt>
  <trkpt lat="30.56536" lon="-9.53854">
    <name>TP404</name>
  </trkpt>
  <trkpt lat="30.56535" lon="-9.53854">
    <name>TP405</name>
  </trkpt>
  <trkpt lat="30.56528" lon="-9.53859">
    <name>TP406</name>
  </trkpt>
  <trkpt lat="30.56526" lon="-9.53861">
    <name>TP407</name>
  </trkpt>
  <trkpt lat="30.56522" lon="-9.53866">
    <name>TP408</name>
  </trkpt>
  <trkpt lat="30.56521" lon="-9.53866">
    <name>TP409</name>
  </trkpt>
  <trkpt lat="30.5651" lon="-9.53879">
    <name>TP410</name>
  </trkpt>
  <trkpt lat="30.56509" lon="-9.5388">
    <name>TP411</name>
  </trkpt>
  <trkpt lat="30.56506" lon="-9.53883">
    <name>TP412</name>
  </trkpt>
  <trkpt lat="30.56505" lon="-9.53884">
    <name>TP413</name>
  </trkpt>
  <trkpt lat="30.56503" lon="-9.53885">
    <name>TP414</name>
  </trkpt>
  <trkpt lat="30.56501" lon="-9.53887">
    <name>TP415</name>
  </trkpt>
  <trkpt lat="30.56499" lon="-9.53888">
    <name>TP416</name>
  </trkpt>
  <trkpt lat="30.56487" lon="-9.53897">
    <name>TP417</name>
  </trkpt>
  <trkpt lat="30.56479" lon="-9.53904">
    <name>TP418</name>
  </trkpt>
  <trkpt lat="30.56467" lon="-9.53916">
    <name>TP419</name>
  </trkpt>
  <trkpt lat="30.56465" lon="-9.53917">
    <name>TP420</name>
  </trkpt>
  <trkpt lat="30.5645" lon="-9.53933">
    <name>TP421</name>
  </trkpt>
  <trkpt lat="30.56439" lon="-9.53945">
    <name>TP422</name>
  </trkpt>
  <trkpt lat="30.56435" lon="-9.5395">
    <name>TP423</name>
  </trkpt>
  <trkpt lat="30.56427" lon="-9.53961">
    <name>TP424</name>
  </trkpt>
  <trkpt lat="30.56417" lon="-9.53975">
    <name>TP425</name>
  </trkpt>
  <trkpt lat="30.56416" lon="-9.53977">
    <name>TP426</name>
  </trkpt>
  <trkpt lat="30.56412" lon="-9.53985">
    <name>TP427</name>
  </trkpt>
  <trkpt lat="30.56408" lon="-9.53992">
    <name>TP428</name>
  </trkpt>
  <trkpt lat="30.56406" lon="-9.53999">
    <name>TP429</name>
  </trkpt>
  <trkpt lat="30.56402" lon="-9.54013">
    <name>TP430</name>
  </trkpt>
  <trkpt lat="30.56399" lon="-9.54029">
    <name>TP431</name>
  </trkpt>
  <trkpt lat="30.56398" lon="-9.54045">
    <name>TP432</name>
  </trkpt>
  <trkpt lat="30.56398" lon="-9.54049">
    <name>TP433</name>
  </trkpt>
  <trkpt lat="30.56398" lon="-9.54052">
    <name>TP434</name>
  </trkpt>
  <trkpt lat="30.56399" lon="-9.54057">
    <name>TP435</name>
  </trkpt>
  <trkpt lat="30.56399" lon="-9.54062">
    <name>TP436</name>
  </trkpt>
  <trkpt lat="30.56403" lon="-9.54077">
    <name>TP437</name>
  </trkpt>
  <trkpt lat="30.56407" lon="-9.54092">
    <name>TP438</name>
  </trkpt>
  <trkpt lat="30.56416" lon="-9.54125">
    <name>TP439</name>
  </trkpt>
  <trkpt lat="30.56422" lon="-9.54149">
    <name>TP440</name>
  </trkpt>
  <trkpt lat="30.56423" lon="-9.54153">
    <name>TP441</name>
  </trkpt>
  <trkpt lat="30.56426" lon="-9.54163">
    <name>TP442</name>
  </trkpt>
  <trkpt lat="30.56427" lon="-9.54168">
    <name>TP443</name>
  </trkpt>
  <trkpt lat="30.56427" lon="-9.54169">
    <name>TP444</name>
  </trkpt>
  <trkpt lat="30.56429" lon="-9.54174">
    <name>TP445</name>
  </trkpt>
  <trkpt lat="30.56431" lon="-9.54186">
    <name>TP446</name>
  </trkpt>
  <trkpt lat="30.56431" lon="-9.5419">
    <name>TP447</name>
  </trkpt>
  <trkpt lat="30.56431" lon="-9.54193">
    <name>TP448</name>
  </trkpt>
  <trkpt lat="30.56431" lon="-9.54201">
    <name>TP449</name>
  </trkpt>
  <trkpt lat="30.56431" lon="-9.5421">
    <name>TP450</name>
  </trkpt>
  <trkpt lat="30.56431" lon="-9.54229">
    <name>TP451</name>
  </trkpt>
  <trkpt lat="30.5643" lon="-9.54231">
    <name>TP452</name>
  </trkpt>
  <trkpt lat="30.5643" lon="-9.54238">
    <name>TP453</name>
  </trkpt>
  <trkpt lat="30.56429" lon="-9.54245">
    <name>TP454</name>
  </trkpt>
  <trkpt lat="30.56429" lon="-9.5425">
    <name>TP455</name>
  </trkpt>
  <trkpt lat="30.56428" lon="-9.54252">
    <name>TP456</name>
  </trkpt>
  <trkpt lat="30.56428" lon="-9.54254">
    <name>TP457</name>
  </trkpt>
  <trkpt lat="30.56426" lon="-9.5426">
    <name>TP458</name>
  </trkpt>
  <trkpt lat="30.56424" lon="-9.54265">
    <name>TP459</name>
  </trkpt>
  <trkpt lat="30.56416" lon="-9.54276">
    <name>TP460</name>
  </trkpt>
  <trkpt lat="30.56409" lon="-9.54284">
    <name>TP461</name>
  </trkpt>
  <trkpt lat="30.56408" lon="-9.54285">
    <name>TP462</name>
  </trkpt>
  <trkpt lat="30.56406" lon="-9.54287">
    <name>TP463</name>
  </trkpt>
  <trkpt lat="30.56403" lon="-9.5429">
    <name>TP464</name>
  </trkpt>
  <trkpt lat="30.56401" lon="-9.54291">
    <name>TP465</name>
  </trkpt>
  <trkpt lat="30.56398" lon="-9.54292">
    <name>TP466</name>
  </trkpt>
  <trkpt lat="30.56395" lon="-9.54292">
    <name>TP467</name>
  </trkpt>
  <trkpt lat="30.56393" lon="-9.54292">
    <name>TP468</name>
  </trkpt>
  <trkpt lat="30.56391" lon="-9.54292">
    <name>TP469</name>
  </trkpt>
  <trkpt lat="30.5639" lon="-9.54292">
    <name>TP470</name>
  </trkpt>
  <trkpt lat="30.56374" lon="-9.54287">
    <name>TP471</name>
  </trkpt>
  <trkpt lat="30.56369" lon="-9.54286">
    <name>TP472</name>
  </trkpt>
  <trkpt lat="30.56357" lon="-9.54281">
    <name>TP473</name>
  </trkpt>
  <trkpt lat="30.56342" lon="-9.54273">
    <name>TP474</name>
  </trkpt>
  <trkpt lat="30.56341" lon="-9.54272">
    <name>TP475</name>
  </trkpt>
  <trkpt lat="30.56334" lon="-9.54267">
    <name>TP476</name>
  </trkpt>
  <trkpt lat="30.56325" lon="-9.54262">
    <name>TP477</name>
  </trkpt>
  <trkpt lat="30.56321" lon="-9.5426">
    <name>TP478</name>
  </trkpt>
  <trkpt lat="30.56319" lon="-9.54258">
    <name>TP479</name>
  </trkpt>
  <trkpt lat="30.56316" lon="-9.54257">
    <name>TP480</name>
  </trkpt>
  <trkpt lat="30.56313" lon="-9.54256">
    <name>TP481</name>
  </trkpt>
  <trkpt lat="30.5631" lon="-9.54255">
    <name>TP482</name>
  </trkpt>
  <trkpt lat="30.56307" lon="-9.54255">
    <name>TP483</name>
  </trkpt>
  <trkpt lat="30.56305" lon="-9.54254">
    <name>TP484</name>
  </trkpt>
  <trkpt lat="30.5629" lon="-9.54252">
    <name>TP485</name>
  </trkpt>
  <trkpt lat="30.56282" lon="-9.54254">
    <name>TP486</name>
  </trkpt>
  <trkpt lat="30.56273" lon="-9.54256">
    <name>TP487</name>
  </trkpt>
  <trkpt lat="30.56273" lon="-9.54257">
    <name>TP488</name>
  </trkpt>
  <trkpt lat="30.56264" lon="-9.54261">
    <name>TP489</name>
  </trkpt>
  <trkpt lat="30.5626" lon="-9.54264">
    <name>TP490</name>
  </trkpt>
  <trkpt lat="30.56256" lon="-9.54268">
    <name>TP491</name>
  </trkpt>
  <trkpt lat="30.56252" lon="-9.54274">
    <name>TP492</name>
  </trkpt>
  <trkpt lat="30.56249" lon="-9.54284">
    <name>TP493</name>
  </trkpt>
  <trkpt lat="30.56249" lon="-9.54285">
    <name>TP494</name>
  </trkpt>
  <trkpt lat="30.56248" lon="-9.54297">
    <name>TP495</name>
  </trkpt>
  <trkpt lat="30.56248" lon="-9.54306">
    <name>TP496</name>
  </trkpt>
  <trkpt lat="30.56249" lon="-9.54312">
    <name>TP497</name>
  </trkpt>
  <trkpt lat="30.56252" lon="-9.54326">
    <name>TP498</name>
  </trkpt>
  <trkpt lat="30.56256" lon="-9.54341">
    <name>TP499</name>
  </trkpt>
  <trkpt lat="30.5626" lon="-9.54365">
    <name>TP500</name>
  </trkpt>
  <trkpt lat="30.56261" lon="-9.54369">
    <name>TP501</name>
  </trkpt>
  <trkpt lat="30.56262" lon="-9.54373">
    <name>TP502</name>
  </trkpt>
  <trkpt lat="30.56262" lon="-9.54377">
    <name>TP503</name>
  </trkpt>
  <trkpt lat="30.56262" lon="-9.54382">
    <name>TP504</name>
  </trkpt>
  <trkpt lat="30.56261" lon="-9.54387">
    <name>TP505</name>
  </trkpt>
  <trkpt lat="30.5626" lon="-9.54391">
    <name>TP506</name>
  </trkpt>
  <trkpt lat="30.56259" lon="-9.54397">
    <name>TP507</name>
  </trkpt>
  <trkpt lat="30.56257" lon="-9.54402">
    <name>TP508</name>
  </trkpt>
  <trkpt lat="30.56255" lon="-9.54407">
    <name>TP509</name>
  </trkpt>
  <trkpt lat="30.56251" lon="-9.54419">
    <name>TP510</name>
  </trkpt>
  <trkpt lat="30.5625" lon="-9.54421">
    <name>TP511</name>
  </trkpt>
  <trkpt lat="30.56249" lon="-9.54425">
    <name>TP512</name>
  </trkpt>
  <trkpt lat="30.56248" lon="-9.54427">
    <name>TP513</name>
  </trkpt>
  <trkpt lat="30.56248" lon="-9.54429">
    <name>TP514</name>
  </trkpt>
  <trkpt lat="30.56248" lon="-9.54433">
    <name>TP515</name>
  </trkpt>
  <trkpt lat="30.56247" lon="-9.54438">
    <name>TP516</name>
  </trkpt>
  <trkpt lat="30.56247" lon="-9.54442">
    <name>TP517</name>
  </trkpt>
  <trkpt lat="30.56247" lon="-9.54447">
    <name>TP518</name>
  </trkpt>
  <trkpt lat="30.56246" lon="-9.54447">
    <name>TP519</name>
  </trkpt>
  <trkpt lat="30.56246" lon="-9.54452">
    <name>TP520</name>
  </trkpt>
  <trkpt lat="30.56243" lon="-9.54466">
    <name>TP521</name>
  </trkpt>
  <trkpt lat="30.56239" lon="-9.54479">
    <name>TP522</name>
  </trkpt>
  <trkpt lat="30.56239" lon="-9.54481">
    <name>TP523</name>
  </trkpt>
  <trkpt lat="30.56237" lon="-9.54486">
    <name>TP524</name>
  </trkpt>
  <trkpt lat="30.56237" lon="-9.54487">
    <name>TP525</name>
  </trkpt>
  <trkpt lat="30.56233" lon="-9.54498">
    <name>TP526</name>
  </trkpt>
  <trkpt lat="30.56222" lon="-9.54518">
    <name>TP527</name>
  </trkpt>
  <trkpt lat="30.56212" lon="-9.54535">
    <name>TP528</name>
  </trkpt>
  <trkpt lat="30.56209" lon="-9.54541">
    <name>TP529</name>
  </trkpt>
  <trkpt lat="30.56192" lon="-9.54569">
    <name>TP530</name>
  </trkpt>
  <trkpt lat="30.56182" lon="-9.54589">
    <name>TP531</name>
  </trkpt>
  <trkpt lat="30.56155" lon="-9.54635">
    <name>TP532</name>
  </trkpt>
  <trkpt lat="30.56147" lon="-9.54645">
    <name>TP533</name>
  </trkpt>
  <trkpt lat="30.56136" lon="-9.54657">
    <name>TP534</name>
  </trkpt>
  <trkpt lat="30.56119" lon="-9.54668">
    <name>TP535</name>
  </trkpt>
  <trkpt lat="30.56104" lon="-9.54675">
    <name>TP536</name>
  </trkpt>
  <trkpt lat="30.56097" lon="-9.54678">
    <name>TP537</name>
  </trkpt>
  <trkpt lat="30.56087" lon="-9.54682">
    <name>TP538</name>
  </trkpt>
  <trkpt lat="30.56072" lon="-9.54685">
    <name>TP539</name>
  </trkpt>
  <trkpt lat="30.56064" lon="-9.54685">
    <name>TP540</name>
  </trkpt>
  <trkpt lat="30.56052" lon="-9.54683">
    <name>TP541</name>
  </trkpt>
  <trkpt lat="30.56047" lon="-9.54681">
    <name>TP542</name>
  </trkpt>
  <trkpt lat="30.56046" lon="-9.54681">
    <name>TP543</name>
  </trkpt>
  <trkpt lat="30.56045" lon="-9.54681">
    <name>TP544</name>
  </trkpt>
  <trkpt lat="30.56044" lon="-9.5468">
    <name>TP545</name>
  </trkpt>
  <trkpt lat="30.56043" lon="-9.54679">
    <name>TP546</name>
  </trkpt>
  <trkpt lat="30.56042" lon="-9.54678">
    <name>TP547</name>
  </trkpt>
  <trkpt lat="30.56041" lon="-9.54678">
    <name>TP548</name>
  </trkpt>
  <trkpt lat="30.5604" lon="-9.54677">
    <name>TP549</name>
  </trkpt>
  <trkpt lat="30.56039" lon="-9.54677">
    <name>TP550</name>
  </trkpt>
  <trkpt lat="30.56032" lon="-9.5467">
    <name>TP551</name>
  </trkpt>
  <trkpt lat="30.56028" lon="-9.54664">
    <name>TP552</name>
  </trkpt>
  <trkpt lat="30.56022" lon="-9.54654">
    <name>TP553</name>
  </trkpt>
  <trkpt lat="30.56015" lon="-9.54641">
    <name>TP554</name>
  </trkpt>
  <trkpt lat="30.56011" lon="-9.54631">
    <name>TP555</name>
  </trkpt>
  <trkpt lat="30.56006" lon="-9.54618">
    <name>TP556</name>
  </trkpt>
  <trkpt lat="30.56003" lon="-9.5461">
    <name>TP557</name>
  </trkpt>
  <trkpt lat="30.56002" lon="-9.54606">
    <name>TP558</name>
  </trkpt>
  <trkpt lat="30.56001" lon="-9.54602">
    <name>TP559</name>
  </trkpt>
  <trkpt lat="30.56001" lon="-9.54601">
    <name>TP560</name>
  </trkpt>
  <trkpt lat="30.56" lon="-9.54597">
    <name>TP561</name>
  </trkpt>
  <trkpt lat="30.56" lon="-9.54595">
    <name>TP562</name>
  </trkpt>
  <trkpt lat="30.55998" lon="-9.54592">
    <name>TP563</name>
  </trkpt>
  <trkpt lat="30.55997" lon="-9.54589">
    <name>TP564</name>
  </trkpt>
  <trkpt lat="30.55996" lon="-9.54586">
    <name>TP565</name>
  </trkpt>
  <trkpt lat="30.55994" lon="-9.54583">
    <name>TP566</name>
  </trkpt>
  <trkpt lat="30.55991" lon="-9.54578">
    <name>TP567</name>
  </trkpt>
  <trkpt lat="30.55989" lon="-9.54575">
    <name>TP568</name>
  </trkpt>
  <trkpt lat="30.55987" lon="-9.54573">
    <name>TP569</name>
  </trkpt>
  <trkpt lat="30.55986" lon="-9.54571">
    <name>TP570</name>
  </trkpt>
  <trkpt lat="30.55985" lon="-9.54569">
    <name>TP571</name>
  </trkpt>
  <trkpt lat="30.55983" lon="-9.54567">
    <name>TP572</name>
  </trkpt>
  <trkpt lat="30.55981" lon="-9.54566">
    <name>TP573</name>
  </trkpt>
  <trkpt lat="30.55973" lon="-9.54562">
    <name>TP574</name>
  </trkpt>
  <trkpt lat="30.55969" lon="-9.5456">
    <name>TP575</name>
  </trkpt>
  <trkpt lat="30.55966" lon="-9.5456">
    <name>TP576</name>
  </trkpt>
  <trkpt lat="30.55962" lon="-9.5456">
    <name>TP577</name>
  </trkpt>
  <trkpt lat="30.55959" lon="-9.5456">
    <name>TP578</name>
  </trkpt>
  <trkpt lat="30.55955" lon="-9.54561">
    <name>TP579</name>
  </trkpt>
  <trkpt lat="30.55952" lon="-9.54562">
    <name>TP580</name>
  </trkpt>
  <trkpt lat="30.55949" lon="-9.54563">
    <name>TP581</name>
  </trkpt>
  <trkpt lat="30.55948" lon="-9.54563">
    <name>TP582</name>
  </trkpt>
  <trkpt lat="30.55947" lon="-9.54564">
    <name>TP583</name>
  </trkpt>
  <trkpt lat="30.55944" lon="-9.54565">
    <name>TP584</name>
  </trkpt>
  <trkpt lat="30.55939" lon="-9.54567">
    <name>TP585</name>
  </trkpt>
  <trkpt lat="30.55934" lon="-9.54573">
    <name>TP586</name>
  </trkpt>
  <trkpt lat="30.55933" lon="-9.54574">
    <name>TP587</name>
  </trkpt>
  <trkpt lat="30.55925" lon="-9.54586">
    <name>TP588</name>
  </trkpt>
  <trkpt lat="30.55922" lon="-9.5459">
    <name>TP589</name>
  </trkpt>
  <trkpt lat="30.55919" lon="-9.54597">
    <name>TP590</name>
  </trkpt>
  <trkpt lat="30.55917" lon="-9.54602">
    <name>TP591</name>
  </trkpt>
  <trkpt lat="30.55916" lon="-9.54605">
    <name>TP592</name>
  </trkpt>
  <trkpt lat="30.55916" lon="-9.54608">
    <name>TP593</name>
  </trkpt>
  <trkpt lat="30.55915" lon="-9.5461">
    <name>TP594</name>
  </trkpt>
  <trkpt lat="30.55915" lon="-9.54611">
    <name>TP595</name>
  </trkpt>
  <trkpt lat="30.55915" lon="-9.54614">
    <name>TP596</name>
  </trkpt>
  <trkpt lat="30.55915" lon="-9.54618">
    <name>TP597</name>
  </trkpt>
  <trkpt lat="30.55916" lon="-9.54623">
    <name>TP598</name>
  </trkpt>
  <trkpt lat="30.55917" lon="-9.54627">
    <name>TP599</name>
  </trkpt>
  <trkpt lat="30.55918" lon="-9.5463">
    <name>TP600</name>
  </trkpt>
  <trkpt lat="30.55921" lon="-9.5464">
    <name>TP601</name>
  </trkpt>
  <trkpt lat="30.55926" lon="-9.54649">
    <name>TP602</name>
  </trkpt>
  <trkpt lat="30.55929" lon="-9.54655">
    <name>TP603</name>
  </trkpt>
  <trkpt lat="30.55935" lon="-9.54666">
    <name>TP604</name>
  </trkpt>
  <trkpt lat="30.55941" lon="-9.54676">
    <name>TP605</name>
  </trkpt>
  <trkpt lat="30.55944" lon="-9.54685">
    <name>TP606</name>
  </trkpt>
  <trkpt lat="30.55949" lon="-9.54696">
    <name>TP607</name>
  </trkpt>
  <trkpt lat="30.55954" lon="-9.54713">
    <name>TP608</name>
  </trkpt>
  <trkpt lat="30.55956" lon="-9.54724">
    <name>TP609</name>
  </trkpt>
  <trkpt lat="30.55957" lon="-9.5473">
    <name>TP610</name>
  </trkpt>
  <trkpt lat="30.55957" lon="-9.54735">
    <name>TP611</name>
  </trkpt>
  <trkpt lat="30.55957" lon="-9.54739">
    <name>TP612</name>
  </trkpt>
  <trkpt lat="30.55957" lon="-9.54742">
    <name>TP613</name>
  </trkpt>
  <trkpt lat="30.55956" lon="-9.54747">
    <name>TP614</name>
  </trkpt>
  <trkpt lat="30.55954" lon="-9.54752">
    <name>TP615</name>
  </trkpt>
  <trkpt lat="30.55953" lon="-9.54754">
    <name>TP616</name>
  </trkpt>
  <trkpt lat="30.55952" lon="-9.54755">
    <name>TP617</name>
  </trkpt>
  <trkpt lat="30.55951" lon="-9.54757">
    <name>TP618</name>
  </trkpt>
  <trkpt lat="30.5595" lon="-9.54759">
    <name>TP619</name>
  </trkpt>
  <trkpt lat="30.55947" lon="-9.54762">
    <name>TP620</name>
  </trkpt>
  <trkpt lat="30.5594" lon="-9.54768">
    <name>TP621</name>
  </trkpt>
  <trkpt lat="30.55933" lon="-9.54774">
    <name>TP622</name>
  </trkpt>
  <trkpt lat="30.55918" lon="-9.54787">
    <name>TP623</name>
  </trkpt>
  <trkpt lat="30.55913" lon="-9.54791">
    <name>TP624</name>
  </trkpt>
  <trkpt lat="30.55895" lon="-9.54809">
    <name>TP625</name>
  </trkpt>
  <trkpt lat="30.55891" lon="-9.54814">
    <name>TP626</name>
  </trkpt>
  <trkpt lat="30.55867" lon="-9.54845">
    <name>TP627</name>
  </trkpt>
  <trkpt lat="30.55851" lon="-9.54865">
    <name>TP628</name>
  </trkpt>
  <trkpt lat="30.55834" lon="-9.54886">
    <name>TP629</name>
  </trkpt>
  <trkpt lat="30.5583" lon="-9.5489">
    <name>TP630</name>
  </trkpt>
  <trkpt lat="30.55817" lon="-9.54905">
    <name>TP631</name>
  </trkpt>
  <trkpt lat="30.55801" lon="-9.54923">
    <name>TP632</name>
  </trkpt>
  <trkpt lat="30.55775" lon="-9.54945">
    <name>TP633</name>
  </trkpt>
  <trkpt lat="30.55768" lon="-9.54951">
    <name>TP634</name>
  </trkpt>
  <trkpt lat="30.55761" lon="-9.54957">
    <name>TP635</name>
  </trkpt>
  <trkpt lat="30.55743" lon="-9.54972">
    <name>TP636</name>
  </trkpt>
  <trkpt lat="30.55731" lon="-9.5498">
    <name>TP637</name>
  </trkpt>
  <trkpt lat="30.55715" lon="-9.54991">
    <name>TP638</name>
  </trkpt>
  <trkpt lat="30.55712" lon="-9.54993">
    <name>TP639</name>
  </trkpt>
  <trkpt lat="30.5569" lon="-9.55006">
    <name>TP640</name>
  </trkpt>
  <trkpt lat="30.55683" lon="-9.55009">
    <name>TP641</name>
  </trkpt>
  <trkpt lat="30.55675" lon="-9.55012">
    <name>TP642</name>
  </trkpt>
  <trkpt lat="30.55661" lon="-9.55015">
    <name>TP643</name>
  </trkpt>
  <trkpt lat="30.55652" lon="-9.55015">
    <name>TP644</name>
  </trkpt>
  <trkpt lat="30.55648" lon="-9.55015">
    <name>TP645</name>
  </trkpt>
  <trkpt lat="30.55644" lon="-9.55015">
    <name>TP646</name>
  </trkpt>
  <trkpt lat="30.55641" lon="-9.55015">
    <name>TP647</name>
  </trkpt>
  <trkpt lat="30.55638" lon="-9.55015">
    <name>TP648</name>
  </trkpt>
  <trkpt lat="30.55635" lon="-9.55015">
    <name>TP649</name>
  </trkpt>
  <trkpt lat="30.5561" lon="-9.5501">
    <name>TP650</name>
  </trkpt>
  <trkpt lat="30.55594" lon="-9.55008">
    <name>TP651</name>
  </trkpt>
  <trkpt lat="30.55594" lon="-9.55007">
    <name>TP652</name>
  </trkpt>
  <trkpt lat="30.55578" lon="-9.55006">
    <name>TP653</name>
  </trkpt>
  <trkpt lat="30.55569" lon="-9.55006">
    <name>TP654</name>
  </trkpt>
  <trkpt lat="30.55554" lon="-9.55008">
    <name>TP655</name>
  </trkpt>
  <trkpt lat="30.5554" lon="-9.55011">
    <name>TP656</name>
  </trkpt>
  <trkpt lat="30.55536" lon="-9.55013">
    <name>TP657</name>
  </trkpt>
  <trkpt lat="30.5553" lon="-9.55015">
    <name>TP658</name>
  </trkpt>
  <trkpt lat="30.55525" lon="-9.55017">
    <name>TP659</name>
  </trkpt>
  <trkpt lat="30.55522" lon="-9.5502">
    <name>TP660</name>
  </trkpt>
  <trkpt lat="30.55519" lon="-9.55022">
    <name>TP661</name>
  </trkpt>
  <trkpt lat="30.55516" lon="-9.55024">
    <name>TP662</name>
  </trkpt>
  <trkpt lat="30.55512" lon="-9.55027">
    <name>TP663</name>
  </trkpt>
  <trkpt lat="30.55499" lon="-9.55034">
    <name>TP664</name>
  </trkpt>
  <trkpt lat="30.55492" lon="-9.55038">
    <name>TP665</name>
  </trkpt>
  <trkpt lat="30.55468" lon="-9.55051">
    <name>TP666</name>
  </trkpt>
  <trkpt lat="30.55452" lon="-9.55062">
    <name>TP667</name>
  </trkpt>
  <trkpt lat="30.55449" lon="-9.55065">
    <name>TP668</name>
  </trkpt>
  <trkpt lat="30.55445" lon="-9.55069">
    <name>TP669</name>
  </trkpt>
  <trkpt lat="30.55444" lon="-9.5507">
    <name>TP670</name>
  </trkpt>
  <trkpt lat="30.5544" lon="-9.55075">
    <name>TP671</name>
  </trkpt>
  <trkpt lat="30.55436" lon="-9.55082">
    <name>TP672</name>
  </trkpt>
  <trkpt lat="30.55434" lon="-9.55086">
    <name>TP673</name>
  </trkpt>
  <trkpt lat="30.55431" lon="-9.55095">
    <name>TP674</name>
  </trkpt>
  <trkpt lat="30.55429" lon="-9.55105">
    <name>TP675</name>
  </trkpt>
  <trkpt lat="30.55426" lon="-9.55116">
    <name>TP676</name>
  </trkpt>
  <trkpt lat="30.55424" lon="-9.55125">
    <name>TP677</name>
  </trkpt>
  <trkpt lat="30.55419" lon="-9.55145">
    <name>TP678</name>
  </trkpt>
  <trkpt lat="30.55414" lon="-9.55165">
    <name>TP679</name>
  </trkpt>
  <trkpt lat="30.55407" lon="-9.55185">
    <name>TP680</name>
  </trkpt>
  <trkpt lat="30.55401" lon="-9.55195">
    <name>TP681</name>
  </trkpt>
  <trkpt lat="30.55396" lon="-9.55201">
    <name>TP682</name>
  </trkpt>
  <trkpt lat="30.55396" lon="-9.55202">
    <name>TP683</name>
  </trkpt>
  <trkpt lat="30.55393" lon="-9.55204">
    <name>TP684</name>
  </trkpt>
  <trkpt lat="30.55384" lon="-9.55208">
    <name>TP685</name>
  </trkpt>
  <trkpt lat="30.5538" lon="-9.55209">
    <name>TP686</name>
  </trkpt>
  <trkpt lat="30.55376" lon="-9.5521">
    <name>TP687</name>
  </trkpt>
  <trkpt lat="30.55356" lon="-9.55211">
    <name>TP688</name>
  </trkpt>
  <trkpt lat="30.55345" lon="-9.55213">
    <name>TP689</name>
  </trkpt>
  <trkpt lat="30.55344" lon="-9.55213">
    <name>TP690</name>
  </trkpt>
  <trkpt lat="30.55332" lon="-9.55218">
    <name>TP691</name>
  </trkpt>
  <trkpt lat="30.55328" lon="-9.5522">
    <name>TP692</name>
  </trkpt>
  <trkpt lat="30.55327" lon="-9.55221">
    <name>TP693</name>
  </trkpt>
  <trkpt lat="30.55325" lon="-9.55222">
    <name>TP694</name>
  </trkpt>
  <trkpt lat="30.55323" lon="-9.55224">
    <name>TP695</name>
  </trkpt>
  <trkpt lat="30.55312" lon="-9.55237">
    <name>TP696</name>
  </trkpt>
  <trkpt lat="30.55303" lon="-9.55252">
    <name>TP697</name>
  </trkpt>
  <trkpt lat="30.55293" lon="-9.55269">
    <name>TP698</name>
  </trkpt>
  <trkpt lat="30.55291" lon="-9.55271">
    <name>TP699</name>
  </trkpt>
  <trkpt lat="30.55284" lon="-9.55287">
    <name>TP700</name>
  </trkpt>
  <trkpt lat="30.55278" lon="-9.55298">
    <name>TP701</name>
  </trkpt>
  <trkpt lat="30.55274" lon="-9.55304">
    <name>TP702</name>
  </trkpt>
  <trkpt lat="30.55272" lon="-9.55308">
    <name>TP703</name>
  </trkpt>
  <trkpt lat="30.5527" lon="-9.55312">
    <name>TP704</name>
  </trkpt>
  <trkpt lat="30.55269" lon="-9.55315">
    <name>TP705</name>
  </trkpt>
  <trkpt lat="30.55266" lon="-9.5532">
    <name>TP706</name>
  </trkpt>
  <trkpt lat="30.55266" lon="-9.55323">
    <name>TP707</name>
  </trkpt>
  <trkpt lat="30.55265" lon="-9.55326">
    <name>TP708</name>
  </trkpt>
  <trkpt lat="30.55263" lon="-9.55337">
    <name>TP709</name>
  </trkpt>
  <trkpt lat="30.55262" lon="-9.55348">
    <name>TP710</name>
  </trkpt>
  <trkpt lat="30.5526" lon="-9.55355">
    <name>TP711</name>
  </trkpt>
  <trkpt lat="30.55253" lon="-9.55386">
    <name>TP712</name>
  </trkpt>
  <trkpt lat="30.55246" lon="-9.55416">
    <name>TP713</name>
  </trkpt>
  <trkpt lat="30.55244" lon="-9.55439">
    <name>TP714</name>
  </trkpt>
  <trkpt lat="30.55227" lon="-9.55506">
    <name>TP715</name>
  </trkpt>
  <trkpt lat="30.55222" lon="-9.55525">
    <name>TP716</name>
  </trkpt>
  <trkpt lat="30.55218" lon="-9.55539">
    <name>TP717</name>
  </trkpt>
  <trkpt lat="30.55216" lon="-9.55545">
    <name>TP718</name>
  </trkpt>
  <trkpt lat="30.55209" lon="-9.55569">
    <name>TP719</name>
  </trkpt>
  <trkpt lat="30.55204" lon="-9.55584">
    <name>TP720</name>
  </trkpt>
  <trkpt lat="30.55201" lon="-9.55593">
    <name>TP721</name>
  </trkpt>
  <trkpt lat="30.55197" lon="-9.55603">
    <name>TP722</name>
  </trkpt>
  <trkpt lat="30.55188" lon="-9.55623">
    <name>TP723</name>
  </trkpt>
  <trkpt lat="30.55178" lon="-9.55648">
    <name>TP724</name>
  </trkpt>
  <trkpt lat="30.55169" lon="-9.5568">
    <name>TP725</name>
  </trkpt>
  <trkpt lat="30.5516863" lon="-9.5568007">
    <name>TP726</name>
  </trkpt>
  <trkpt lat="30.5517" lon="-9.55682">
    <name>TP727</name>
  </trkpt>
  <trkpt lat="30.55171" lon="-9.55683">
    <name>TP728</name>
  </trkpt>
  <trkpt lat="30.55172" lon="-9.55685">
    <name>TP729</name>
  </trkpt>
  <trkpt lat="30.55173" lon="-9.55687">
    <name>TP730</name>
  </trkpt>
  <trkpt lat="30.55174" lon="-9.5569">
    <name>TP731</name>
  </trkpt>
  <trkpt lat="30.55174" lon="-9.55693">
    <name>TP732</name>
  </trkpt>
  <trkpt lat="30.55173" lon="-9.55703">
    <name>TP733</name>
  </trkpt>
  <trkpt lat="30.5517" lon="-9.55724">
    <name>TP734</name>
  </trkpt>
  <trkpt lat="30.55166" lon="-9.5575">
    <name>TP735</name>
  </trkpt>
  <trkpt lat="30.55165" lon="-9.55753">
    <name>TP736</name>
  </trkpt>
  <trkpt lat="30.55164" lon="-9.55758">
    <name>TP737</name>
  </trkpt>
  <trkpt lat="30.55164" lon="-9.55763">
    <name>TP738</name>
  </trkpt>
  <trkpt lat="30.55164" lon="-9.55769">
    <name>TP739</name>
  </trkpt>
  <trkpt lat="30.55165" lon="-9.55775">
    <name>TP740</name>
  </trkpt>
  <trkpt lat="30.55166" lon="-9.5578">
    <name>TP741</name>
  </trkpt>
  <trkpt lat="30.55169" lon="-9.55791">
    <name>TP742</name>
  </trkpt>
  <trkpt lat="30.5517" lon="-9.55792">
    <name>TP743</name>
  </trkpt>
  <trkpt lat="30.55177" lon="-9.5581">
    <name>TP744</name>
  </trkpt>
  <trkpt lat="30.55179" lon="-9.55812">
    <name>TP745</name>
  </trkpt>
  <trkpt lat="30.5518" lon="-9.55815">
    <name>TP746</name>
  </trkpt>
  <trkpt lat="30.55182" lon="-9.55817">
    <name>TP747</name>
  </trkpt>
  <trkpt lat="30.55183" lon="-9.5582">
    <name>TP748</name>
  </trkpt>
  <trkpt lat="30.55185" lon="-9.55822">
    <name>TP749</name>
  </trkpt>
  <trkpt lat="30.55187" lon="-9.55825">
    <name>TP750</name>
  </trkpt>
  <trkpt lat="30.55188" lon="-9.55828">
    <name>TP751</name>
  </trkpt>
  <trkpt lat="30.5519" lon="-9.55831">
    <name>TP752</name>
  </trkpt>
  <trkpt lat="30.55196" lon="-9.55845">
    <name>TP753</name>
  </trkpt>
  <trkpt lat="30.55197" lon="-9.55847">
    <name>TP754</name>
  </trkpt>
  <trkpt lat="30.55203" lon="-9.55865">
    <name>TP755</name>
  </trkpt>
  <trkpt lat="30.55209" lon="-9.5588">
    <name>TP756</name>
  </trkpt>
  <trkpt lat="30.55215" lon="-9.55892">
    <name>TP757</name>
  </trkpt>
  <trkpt lat="30.55221" lon="-9.559">
    <name>TP758</name>
  </trkpt>
  <trkpt lat="30.55232" lon="-9.55917">
    <name>TP759</name>
  </trkpt>
  <trkpt lat="30.55236" lon="-9.55921">
    <name>TP760</name>
  </trkpt>
  <trkpt lat="30.55244" lon="-9.55932">
    <name>TP761</name>
  </trkpt>
  <trkpt lat="30.55252" lon="-9.55943">
    <name>TP762</name>
  </trkpt>
  <trkpt lat="30.5526" lon="-9.5595">
    <name>TP763</name>
  </trkpt>
  <trkpt lat="30.55268" lon="-9.55955">
    <name>TP764</name>
  </trkpt>
  <trkpt lat="30.55279" lon="-9.55957">
    <name>TP765</name>
  </trkpt>
  <trkpt lat="30.55291" lon="-9.55957">
    <name>TP766</name>
  </trkpt>
  <trkpt lat="30.55295" lon="-9.55957">
    <name>TP767</name>
  </trkpt>
  <trkpt lat="30.553" lon="-9.5596">
    <name>TP768</name>
  </trkpt>
  <trkpt lat="30.5529991" lon="-9.5596021">
    <name>TP769</name>
  </trkpt>
  <trkpt lat="30.55301" lon="-9.55967">
    <name>TP770</name>
  </trkpt>
  <trkpt lat="30.55302" lon="-9.55974">
    <name>TP771</name>
  </trkpt>
  <trkpt lat="30.55303" lon="-9.55979">
    <name>TP772</name>
  </trkpt>
  <trkpt lat="30.55307" lon="-9.55982">
    <name>TP773</name>
  </trkpt>
  <trkpt lat="30.55313" lon="-9.55982">
    <name>TP774</name>
  </trkpt>
  <trkpt lat="30.55322" lon="-9.55982">
    <name>TP775</name>
  </trkpt>
  <trkpt lat="30.5533" lon="-9.55985">
    <name>TP776</name>
  </trkpt>
  <trkpt lat="30.55335" lon="-9.5599">
    <name>TP777</name>
  </trkpt>
  <trkpt lat="30.55341" lon="-9.55998">
    <name>TP778</name>
  </trkpt>
  <trkpt lat="30.55343" lon="-9.56007">
    <name>TP779</name>
  </trkpt>
  <trkpt lat="30.55342" lon="-9.56011">
    <name>TP780</name>
  </trkpt>
  <trkpt lat="30.55342" lon="-9.56012">
    <name>TP781</name>
  </trkpt>
  <trkpt lat="30.55339" lon="-9.56016">
    <name>TP782</name>
  </trkpt>
  <trkpt lat="30.55332" lon="-9.56019">
    <name>TP783</name>
  </trkpt>
  <trkpt lat="30.55326" lon="-9.56025">
    <name>TP784</name>
  </trkpt>
  <trkpt lat="30.55321" lon="-9.56029">
    <name>TP785</name>
  </trkpt>
  <trkpt lat="30.5532" lon="-9.56033">
    <name>TP786</name>
  </trkpt>
  <trkpt lat="30.5532" lon="-9.56039">
    <name>TP787</name>
  </trkpt>
  <trkpt lat="30.5532" lon="-9.5604">
    <name>TP788</name>
  </trkpt>
  <trkpt lat="30.55322" lon="-9.56048">
    <name>TP789</name>
  </trkpt>
  <trkpt lat="30.55323" lon="-9.56051">
    <name>TP790</name>
  </trkpt>
  <trkpt lat="30.55327" lon="-9.56058">
    <name>TP791</name>
  </trkpt>
  <trkpt lat="30.55329" lon="-9.5606">
    <name>TP792</name>
  </trkpt>
  <trkpt lat="30.55334" lon="-9.56066">
    <name>TP793</name>
  </trkpt>
  <trkpt lat="30.5534" lon="-9.56068">
    <name>TP794</name>
  </trkpt>
  <trkpt lat="30.55347" lon="-9.56068">
    <name>TP795</name>
  </trkpt>
  <trkpt lat="30.55354" lon="-9.56069">
    <name>TP796</name>
  </trkpt>
  <trkpt lat="30.5536" lon="-9.56074">
    <name>TP797</name>
  </trkpt>
  <trkpt lat="30.55362" lon="-9.5608">
    <name>TP798</name>
  </trkpt>
  <trkpt lat="30.55363" lon="-9.56087">
    <name>TP799</name>
  </trkpt>
  <trkpt lat="30.55362" lon="-9.56093">
    <name>TP800</name>
  </trkpt>
  <trkpt lat="30.5536" lon="-9.56099">
    <name>TP801</name>
  </trkpt>
  <trkpt lat="30.5536" lon="-9.56105">
    <name>TP802</name>
  </trkpt>
  <trkpt lat="30.55363" lon="-9.56112">
    <name>TP803</name>
  </trkpt>
  <trkpt lat="30.55369" lon="-9.56119">
    <name>TP804</name>
  </trkpt>
  <trkpt lat="30.5537" lon="-9.56121">
    <name>TP805</name>
  </trkpt>
  <trkpt lat="30.55399" lon="-9.56149">
    <name>TP806</name>
  </trkpt>
  <trkpt lat="30.55403" lon="-9.56153">
    <name>TP807</name>
  </trkpt>
  <trkpt lat="30.55418" lon="-9.56166">
    <name>TP808</name>
  </trkpt>
  <trkpt lat="30.55422" lon="-9.5617">
    <name>TP809</name>
  </trkpt>
  <trkpt lat="30.55433" lon="-9.56178">
    <name>TP810</name>
  </trkpt>
  <trkpt lat="30.55442" lon="-9.56181">
    <name>TP811</name>
  </trkpt>
  <trkpt lat="30.55449" lon="-9.56181">
    <name>TP812</name>
  </trkpt>
  <trkpt lat="30.55457" lon="-9.5618">
    <name>TP813</name>
  </trkpt>
  <trkpt lat="30.55458" lon="-9.5618">
    <name>TP814</name>
  </trkpt>
  <trkpt lat="30.55463" lon="-9.56182">
    <name>TP815</name>
  </trkpt>
  <trkpt lat="30.55463" lon="-9.56183">
    <name>TP816</name>
  </trkpt>
  <trkpt lat="30.5547" lon="-9.56189">
    <name>TP817</name>
  </trkpt>
  <trkpt lat="30.55477" lon="-9.56201">
    <name>TP818</name>
  </trkpt>
  <trkpt lat="30.55486" lon="-9.56221">
    <name>TP819</name>
  </trkpt>
  <trkpt lat="30.55491" lon="-9.56235">
    <name>TP820</name>
  </trkpt>
  <trkpt lat="30.55495" lon="-9.56246">
    <name>TP821</name>
  </trkpt>
  <trkpt lat="30.55498" lon="-9.56256">
    <name>TP822</name>
  </trkpt>
  <trkpt lat="30.55503" lon="-9.56264">
    <name>TP823</name>
  </trkpt>
  <trkpt lat="30.55505" lon="-9.56267">
    <name>TP824</name>
  </trkpt>
  <trkpt lat="30.55508" lon="-9.56271">
    <name>TP825</name>
  </trkpt>
  <trkpt lat="30.55509" lon="-9.56271">
    <name>TP826</name>
  </trkpt>
  <trkpt lat="30.55515" lon="-9.56276">
    <name>TP827</name>
  </trkpt>
  <trkpt lat="30.5552" lon="-9.5628">
    <name>TP828</name>
  </trkpt>
  <trkpt lat="30.55526" lon="-9.56283">
    <name>TP829</name>
  </trkpt>
  <trkpt lat="30.55536" lon="-9.56289">
    <name>TP830</name>
  </trkpt>
  <trkpt lat="30.5554" lon="-9.56291">
    <name>TP831</name>
  </trkpt>
  <trkpt lat="30.55544" lon="-9.56293">
    <name>TP832</name>
  </trkpt>
  <trkpt lat="30.5555" lon="-9.56295">
    <name>TP833</name>
  </trkpt>
  <trkpt lat="30.55559" lon="-9.56296">
    <name>TP834</name>
  </trkpt>
  <trkpt lat="30.55569" lon="-9.56298">
    <name>TP835</name>
  </trkpt>
  <trkpt lat="30.5557" lon="-9.56298">
    <name>TP836</name>
  </trkpt>
  <trkpt lat="30.55575" lon="-9.56299">
    <name>TP837</name>
  </trkpt>
  <trkpt lat="30.55583" lon="-9.56302">
    <name>TP838</name>
  </trkpt>
  <trkpt lat="30.55586" lon="-9.56306">
    <name>TP839</name>
  </trkpt>
  <trkpt lat="30.5559" lon="-9.56308">
    <name>TP840</name>
  </trkpt>
  <trkpt lat="30.55594" lon="-9.56315">
    <name>TP841</name>
  </trkpt>
  <trkpt lat="30.55597" lon="-9.56325">
    <name>TP842</name>
  </trkpt>
  <trkpt lat="30.55598" lon="-9.56335">
    <name>TP843</name>
  </trkpt>
  <trkpt lat="30.55596" lon="-9.5635">
    <name>TP844</name>
  </trkpt>
  <trkpt lat="30.55594" lon="-9.56359">
    <name>TP845</name>
  </trkpt>
  <trkpt lat="30.55593" lon="-9.56363">
    <name>TP846</name>
  </trkpt>
  <trkpt lat="30.55592" lon="-9.5637">
    <name>TP847</name>
  </trkpt>
  <trkpt lat="30.55592" lon="-9.56375">
    <name>TP848</name>
  </trkpt>
  <trkpt lat="30.55593" lon="-9.56383">
    <name>TP849</name>
  </trkpt>
  <trkpt lat="30.55594" lon="-9.56386">
    <name>TP850</name>
  </trkpt>
  <trkpt lat="30.55597" lon="-9.56394">
    <name>TP851</name>
  </trkpt>
  <trkpt lat="30.55602" lon="-9.56403">
    <name>TP852</name>
  </trkpt>
  <trkpt lat="30.55606" lon="-9.56413">
    <name>TP853</name>
  </trkpt>
  <trkpt lat="30.55611" lon="-9.56426">
    <name>TP854</name>
  </trkpt>
  <trkpt lat="30.55617" lon="-9.56444">
    <name>TP855</name>
  </trkpt>
  <trkpt lat="30.55618" lon="-9.56452">
    <name>TP856</name>
  </trkpt>
  <trkpt lat="30.55617" lon="-9.56461">
    <name>TP857</name>
  </trkpt>
  <trkpt lat="30.55617" lon="-9.56464">
    <name>TP858</name>
  </trkpt>
  <trkpt lat="30.55615" lon="-9.5647">
    <name>TP859</name>
  </trkpt>
  <trkpt lat="30.55613" lon="-9.56481">
    <name>TP860</name>
  </trkpt>
  <trkpt lat="30.55613" lon="-9.56492">
    <name>TP861</name>
  </trkpt>
  <trkpt lat="30.55612" lon="-9.56499">
    <name>TP862</name>
  </trkpt>
  <trkpt lat="30.55607" lon="-9.56511">
    <name>TP863</name>
  </trkpt>
  <trkpt lat="30.55606" lon="-9.56524">
    <name>TP864</name>
  </trkpt>
  <trkpt lat="30.55604" lon="-9.56539">
    <name>TP865</name>
  </trkpt>
  <trkpt lat="30.55599" lon="-9.56562">
    <name>TP866</name>
  </trkpt>
  <trkpt lat="30.55599" lon="-9.56565">
    <name>TP867</name>
  </trkpt>
  <trkpt lat="30.55595" lon="-9.56585">
    <name>TP868</name>
  </trkpt>
  <trkpt lat="30.55595" lon="-9.56586">
    <name>TP869</name>
  </trkpt>
  <trkpt lat="30.5559" lon="-9.56599">
    <name>TP870</name>
  </trkpt>
  <trkpt lat="30.55584" lon="-9.56606">
    <name>TP871</name>
  </trkpt>
  <trkpt lat="30.55575" lon="-9.56613">
    <name>TP872</name>
  </trkpt>
  <trkpt lat="30.55561" lon="-9.56619">
    <name>TP873</name>
  </trkpt>
  <trkpt lat="30.55548" lon="-9.56625">
    <name>TP874</name>
  </trkpt>
  <trkpt lat="30.55542" lon="-9.56629">
    <name>TP875</name>
  </trkpt>
  <trkpt lat="30.55532" lon="-9.56638">
    <name>TP876</name>
  </trkpt>
  <trkpt lat="30.55523" lon="-9.56653">
    <name>TP877</name>
  </trkpt>
  <trkpt lat="30.5552" lon="-9.56658">
    <name>TP878</name>
  </trkpt>
  <trkpt lat="30.55518" lon="-9.56662">
    <name>TP879</name>
  </trkpt>
  <trkpt lat="30.55515" lon="-9.56668">
    <name>TP880</name>
  </trkpt>
  <trkpt lat="30.55513" lon="-9.56676">
    <name>TP881</name>
  </trkpt>
  <trkpt lat="30.55515" lon="-9.5669">
    <name>TP882</name>
  </trkpt>
  <trkpt lat="30.55516" lon="-9.56697">
    <name>TP883</name>
  </trkpt>
  <trkpt lat="30.55518" lon="-9.56708">
    <name>TP884</name>
  </trkpt>
  <trkpt lat="30.55522" lon="-9.56726">
    <name>TP885</name>
  </trkpt>
  <trkpt lat="30.55528" lon="-9.56747">
    <name>TP886</name>
  </trkpt>
  <trkpt lat="30.55531" lon="-9.56773">
    <name>TP887</name>
  </trkpt>
  <trkpt lat="30.55532" lon="-9.5679">
    <name>TP888</name>
  </trkpt>
  <trkpt lat="30.55531" lon="-9.56803">
    <name>TP889</name>
  </trkpt>
  <trkpt lat="30.55529" lon="-9.56817">
    <name>TP890</name>
  </trkpt>
  <trkpt lat="30.55528" lon="-9.5682">
    <name>TP891</name>
  </trkpt>
  <trkpt lat="30.55524" lon="-9.56832">
    <name>TP892</name>
  </trkpt>
  <trkpt lat="30.55523" lon="-9.5684">
    <name>TP893</name>
  </trkpt>
  <trkpt lat="30.5552" lon="-9.5685">
    <name>TP894</name>
  </trkpt>
  <trkpt lat="30.55518" lon="-9.56864">
    <name>TP895</name>
  </trkpt>
  <trkpt lat="30.55516" lon="-9.56876">
    <name>TP896</name>
  </trkpt>
  <trkpt lat="30.55514" lon="-9.56885">
    <name>TP897</name>
  </trkpt>
  <trkpt lat="30.55512" lon="-9.56889">
    <name>TP898</name>
  </trkpt>
  <trkpt lat="30.55503" lon="-9.56908">
    <name>TP899</name>
  </trkpt>
  <trkpt lat="30.55495" lon="-9.56927">
    <name>TP900</name>
  </trkpt>
  <trkpt lat="30.55491" lon="-9.56936">
    <name>TP901</name>
  </trkpt>
  <trkpt lat="30.55488" lon="-9.5694">
    <name>TP902</name>
  </trkpt>
  <trkpt lat="30.55484" lon="-9.56948">
    <name>TP903</name>
  </trkpt>
  <trkpt lat="30.55481" lon="-9.56954">
    <name>TP904</name>
  </trkpt>
  <trkpt lat="30.55461" lon="-9.5699">
    <name>TP905</name>
  </trkpt>
  <trkpt lat="30.55449" lon="-9.57009">
    <name>TP906</name>
  </trkpt>
  <trkpt lat="30.55438" lon="-9.57025">
    <name>TP907</name>
  </trkpt>
  <trkpt lat="30.55433" lon="-9.57037">
    <name>TP908</name>
  </trkpt>
  <trkpt lat="30.55429" lon="-9.57051">
    <name>TP909</name>
  </trkpt>
  <trkpt lat="30.55426" lon="-9.57061">
    <name>TP910</name>
  </trkpt>
  <trkpt lat="30.55425" lon="-9.57065">
    <name>TP911</name>
  </trkpt>
  <trkpt lat="30.55424" lon="-9.57066">
    <name>TP912</name>
  </trkpt>
  <trkpt lat="30.55422" lon="-9.57081">
    <name>TP913</name>
  </trkpt>
  <trkpt lat="30.55419" lon="-9.57093">
    <name>TP914</name>
  </trkpt>
  <trkpt lat="30.55419" lon="-9.57109">
    <name>TP915</name>
  </trkpt>
  <trkpt lat="30.5542" lon="-9.57124">
    <name>TP916</name>
  </trkpt>
  <trkpt lat="30.55422" lon="-9.57136">
    <name>TP917</name>
  </trkpt>
  <trkpt lat="30.55422" lon="-9.57143">
    <name>TP918</name>
  </trkpt>
  <trkpt lat="30.55422" lon="-9.57145">
    <name>TP919</name>
  </trkpt>
  <trkpt lat="30.5542" lon="-9.57155">
    <name>TP920</name>
  </trkpt>
  <trkpt lat="30.5542" lon="-9.57164">
    <name>TP921</name>
  </trkpt>
  <trkpt lat="30.55419" lon="-9.57169">
    <name>TP922</name>
  </trkpt>
  <trkpt lat="30.55419" lon="-9.5717">
    <name>TP923</name>
  </trkpt>
  <trkpt lat="30.55414" lon="-9.57201">
    <name>TP924</name>
  </trkpt>
  <trkpt lat="30.55414" lon="-9.57205">
    <name>TP925</name>
  </trkpt>
  <trkpt lat="30.5541" lon="-9.57226">
    <name>TP926</name>
  </trkpt>
  <trkpt lat="30.55406" lon="-9.57246">
    <name>TP927</name>
  </trkpt>
  <trkpt lat="30.55404" lon="-9.5726">
    <name>TP928</name>
  </trkpt>
  <trkpt lat="30.55402" lon="-9.57266">
    <name>TP929</name>
  </trkpt>
  <trkpt lat="30.55401" lon="-9.57271">
    <name>TP930</name>
  </trkpt>
  <trkpt lat="30.55397" lon="-9.57285">
    <name>TP931</name>
  </trkpt>
  <trkpt lat="30.55387" lon="-9.57311">
    <name>TP932</name>
  </trkpt>
  <trkpt lat="30.55378" lon="-9.57328">
    <name>TP933</name>
  </trkpt>
  <trkpt lat="30.55368" lon="-9.57344">
    <name>TP934</name>
  </trkpt>
  <trkpt lat="30.5536" lon="-9.57358">
    <name>TP935</name>
  </trkpt>
  <trkpt lat="30.55359" lon="-9.5736">
    <name>TP936</name>
  </trkpt>
  <trkpt lat="30.55358" lon="-9.57362">
    <name>TP937</name>
  </trkpt>
  <trkpt lat="30.55353" lon="-9.57368">
    <name>TP938</name>
  </trkpt>
  <trkpt lat="30.55348" lon="-9.57373">
    <name>TP939</name>
  </trkpt>
  <trkpt lat="30.55341" lon="-9.5738">
    <name>TP940</name>
  </trkpt>
  <trkpt lat="30.55334" lon="-9.57386">
    <name>TP941</name>
  </trkpt>
  <trkpt lat="30.5533" lon="-9.57389">
    <name>TP942</name>
  </trkpt>
  <trkpt lat="30.55325" lon="-9.57393">
    <name>TP943</name>
  </trkpt>
  <trkpt lat="30.55314" lon="-9.57406">
    <name>TP944</name>
  </trkpt>
  <trkpt lat="30.55303" lon="-9.57425">
    <name>TP945</name>
  </trkpt>
  <trkpt lat="30.55294" lon="-9.57438">
    <name>TP946</name>
  </trkpt>
  <trkpt lat="30.55287" lon="-9.57446">
    <name>TP947</name>
  </trkpt>
  <trkpt lat="30.55286" lon="-9.57448">
    <name>TP948</name>
  </trkpt>
  <trkpt lat="30.55281" lon="-9.57457">
    <name>TP949</name>
  </trkpt>
  <trkpt lat="30.55281" lon="-9.57467">
    <name>TP950</name>
  </trkpt>
  <trkpt lat="30.55281" lon="-9.57468">
    <name>TP951</name>
  </trkpt>
  <trkpt lat="30.55281" lon="-9.57472">
    <name>TP952</name>
  </trkpt>
  <trkpt lat="30.55279" lon="-9.57485">
    <name>TP953</name>
  </trkpt>
  <trkpt lat="30.55278" lon="-9.57487">
    <name>TP954</name>
  </trkpt>
  <trkpt lat="30.55275" lon="-9.57504">
    <name>TP955</name>
  </trkpt>
  <trkpt lat="30.55271" lon="-9.5752">
    <name>TP956</name>
  </trkpt>
  <trkpt lat="30.5527" lon="-9.57528">
    <name>TP957</name>
  </trkpt>
  <trkpt lat="30.55267" lon="-9.57539">
    <name>TP958</name>
  </trkpt>
  <trkpt lat="30.55266" lon="-9.57548">
    <name>TP959</name>
  </trkpt>
  <trkpt lat="30.55265" lon="-9.57553">
    <name>TP960</name>
  </trkpt>
  <trkpt lat="30.55265" lon="-9.57567">
    <name>TP961</name>
  </trkpt>
  <trkpt lat="30.55266" lon="-9.57574">
    <name>TP962</name>
  </trkpt>
  <trkpt lat="30.55267" lon="-9.57583">
    <name>TP963</name>
  </trkpt>
  <trkpt lat="30.55268" lon="-9.57607">
    <name>TP964</name>
  </trkpt>
  <trkpt lat="30.55268" lon="-9.57611">
    <name>TP965</name>
  </trkpt>
  <trkpt lat="30.55269" lon="-9.57627">
    <name>TP966</name>
  </trkpt>
  <trkpt lat="30.5527" lon="-9.57631">
    <name>TP967</name>
  </trkpt>
  <trkpt lat="30.5527" lon="-9.57639">
    <name>TP968</name>
  </trkpt>
  <trkpt lat="30.55276" lon="-9.5765">
    <name>TP969</name>
  </trkpt>
  <trkpt lat="30.55276" lon="-9.57651">
    <name>TP970</name>
  </trkpt>
  <trkpt lat="30.55279" lon="-9.57654">
    <name>TP971</name>
  </trkpt>
  <trkpt lat="30.5529" lon="-9.57671">
    <name>TP972</name>
  </trkpt>
  <trkpt lat="30.55308" lon="-9.57694">
    <name>TP973</name>
  </trkpt>
  <trkpt lat="30.55326" lon="-9.57718">
    <name>TP974</name>
  </trkpt>
  <trkpt lat="30.55329" lon="-9.57721">
    <name>TP975</name>
  </trkpt>
  <trkpt lat="30.5533" lon="-9.57723">
    <name>TP976</name>
  </trkpt>
  <trkpt lat="30.55335" lon="-9.57732">
    <name>TP977</name>
  </trkpt>
  <trkpt lat="30.55347" lon="-9.57754">
    <name>TP978</name>
  </trkpt>
  <trkpt lat="30.55375" lon="-9.57781">
    <name>TP979</name>
  </trkpt>
  <trkpt lat="30.55387" lon="-9.57793">
    <name>TP980</name>
  </trkpt>
  <trkpt lat="30.55394" lon="-9.578">
    <name>TP981</name>
  </trkpt>
  <trkpt lat="30.55402" lon="-9.57807">
    <name>TP982</name>
  </trkpt>
  <trkpt lat="30.55421" lon="-9.57825">
    <name>TP983</name>
  </trkpt>
  <trkpt lat="30.55448" lon="-9.57829">
    <name>TP984</name>
  </trkpt>
  <trkpt lat="30.55449" lon="-9.57829">
    <name>TP985</name>
  </trkpt>
  <trkpt lat="30.5547" lon="-9.57834">
    <name>TP986</name>
  </trkpt>
  <trkpt lat="30.55517" lon="-9.57844">
    <name>TP987</name>
  </trkpt>
  <trkpt lat="30.55555" lon="-9.57849">
    <name>TP988</name>
  </trkpt>
  <trkpt lat="30.55585" lon="-9.57853">
    <name>TP989</name>
  </trkpt>
  <trkpt lat="30.55594" lon="-9.57858">
    <name>TP990</name>
  </trkpt>
  <trkpt lat="30.55599" lon="-9.5786">
    <name>TP991</name>
  </trkpt>
  <trkpt lat="30.55605" lon="-9.57863">
    <name>TP992</name>
  </trkpt>
  <trkpt lat="30.5561" lon="-9.57864">
    <name>TP993</name>
  </trkpt>
  <trkpt lat="30.55612" lon="-9.57864">
    <name>TP994</name>
  </trkpt>
  <trkpt lat="30.55617" lon="-9.5786">
    <name>TP995</name>
  </trkpt>
  <trkpt lat="30.55623" lon="-9.57856">
    <name>TP996</name>
  </trkpt>
  <trkpt lat="30.5563" lon="-9.5785">
    <name>TP997</name>
  </trkpt>
  <trkpt lat="30.55641" lon="-9.57841">
    <name>TP998</name>
  </trkpt>
  <trkpt lat="30.5565" lon="-9.57834">
    <name>TP999</name>
  </trkpt>
  <trkpt lat="30.55663" lon="-9.57818">
    <name>TP1000</name>
  </trkpt>
  <trkpt lat="30.55673" lon="-9.57807">
    <name>TP1001</name>
  </trkpt>
  <trkpt lat="30.55677" lon="-9.57803">
    <name>TP1002</name>
  </trkpt>
  <trkpt lat="30.55682" lon="-9.578">
    <name>TP1003</name>
  </trkpt>
  <trkpt lat="30.55683" lon="-9.578">
    <name>TP1004</name>
  </trkpt>
  <trkpt lat="30.55691" lon="-9.57798">
    <name>TP1005</name>
  </trkpt>
  <trkpt lat="30.55695" lon="-9.57797">
    <name>TP1006</name>
  </trkpt>
  <trkpt lat="30.557" lon="-9.57796">
    <name>TP1007</name>
  </trkpt>
  <trkpt lat="30.55708" lon="-9.57793">
    <name>TP1008</name>
  </trkpt>
  <trkpt lat="30.55718" lon="-9.57791">
    <name>TP1009</name>
  </trkpt>
  <trkpt lat="30.55723" lon="-9.57791">
    <name>TP1010</name>
  </trkpt>
  <trkpt lat="30.55736" lon="-9.57791">
    <name>TP1011</name>
  </trkpt>
  <trkpt lat="30.55743" lon="-9.57791">
    <name>TP1012</name>
  </trkpt>
  <trkpt lat="30.5575" lon="-9.57789">
    <name>TP1013</name>
  </trkpt>
  <trkpt lat="30.55773" lon="-9.57784">
    <name>TP1014</name>
  </trkpt>
  <trkpt lat="30.55787" lon="-9.57782">
    <name>TP1015</name>
  </trkpt>
  <trkpt lat="30.55789" lon="-9.57782">
    <name>TP1016</name>
  </trkpt>
  <trkpt lat="30.558" lon="-9.5778">
    <name>TP1017</name>
  </trkpt>
  <trkpt lat="30.55842" lon="-9.57768">
    <name>TP1018</name>
  </trkpt>
  <trkpt lat="30.55866" lon="-9.57763">
    <name>TP1019</name>
  </trkpt>
  <trkpt lat="30.55874" lon="-9.57762">
    <name>TP1020</name>
  </trkpt>
  <trkpt lat="30.55884" lon="-9.5776">
    <name>TP1021</name>
  </trkpt>
  <trkpt lat="30.55906" lon="-9.57755">
    <name>TP1022</name>
  </trkpt>
  <trkpt lat="30.55919" lon="-9.57753">
    <name>TP1023</name>
  </trkpt>
  <trkpt lat="30.55932" lon="-9.57751">
    <name>TP1024</name>
  </trkpt>
  <trkpt lat="30.55944" lon="-9.57749">
    <name>TP1025</name>
  </trkpt>
  <trkpt lat="30.55954" lon="-9.57748">
    <name>TP1026</name>
  </trkpt>
  <trkpt lat="30.55963" lon="-9.57747">
    <name>TP1027</name>
  </trkpt>
  <trkpt lat="30.55974" lon="-9.57748">
    <name>TP1028</name>
  </trkpt>
  <trkpt lat="30.5598" lon="-9.57749">
    <name>TP1029</name>
  </trkpt>
  <trkpt lat="30.55983" lon="-9.5775">
    <name>TP1030</name>
  </trkpt>
  <trkpt lat="30.55986" lon="-9.57751">
    <name>TP1031</name>
  </trkpt>
  <trkpt lat="30.55992" lon="-9.57753">
    <name>TP1032</name>
  </trkpt>
  <trkpt lat="30.56006" lon="-9.57761">
    <name>TP1033</name>
  </trkpt>
  <trkpt lat="30.56015" lon="-9.57765">
    <name>TP1034</name>
  </trkpt>
  <trkpt lat="30.56023" lon="-9.57769">
    <name>TP1035</name>
  </trkpt>
  <trkpt lat="30.56025" lon="-9.5777">
    <name>TP1036</name>
  </trkpt>
  <trkpt lat="30.56038" lon="-9.57774">
    <name>TP1037</name>
  </trkpt>
  <trkpt lat="30.56045" lon="-9.57775">
    <name>TP1038</name>
  </trkpt>
  <trkpt lat="30.56056" lon="-9.57777">
    <name>TP1039</name>
  </trkpt>
  <trkpt lat="30.56058" lon="-9.57777">
    <name>TP1040</name>
  </trkpt>
  <trkpt lat="30.56065" lon="-9.57778">
    <name>TP1041</name>
  </trkpt>
  <trkpt lat="30.56076" lon="-9.57777">
    <name>TP1042</name>
  </trkpt>
  <trkpt lat="30.56078" lon="-9.57777">
    <name>TP1043</name>
  </trkpt>
  <trkpt lat="30.56086" lon="-9.57776">
    <name>TP1044</name>
  </trkpt>
  <trkpt lat="30.56104" lon="-9.57773">
    <name>TP1045</name>
  </trkpt>
  <trkpt lat="30.56133" lon="-9.5777">
    <name>TP1046</name>
  </trkpt>
  <trkpt lat="30.56148" lon="-9.57769">
    <name>TP1047</name>
  </trkpt>
  <trkpt lat="30.56154" lon="-9.57769">
    <name>TP1048</name>
  </trkpt>
  <trkpt lat="30.56159" lon="-9.5777">
    <name>TP1049</name>
  </trkpt>
  <trkpt lat="30.56166" lon="-9.57773">
    <name>TP1050</name>
  </trkpt>
  <trkpt lat="30.56173" lon="-9.57775">
    <name>TP1051</name>
  </trkpt>
  <trkpt lat="30.56182" lon="-9.57779">
    <name>TP1052</name>
  </trkpt>
  <trkpt lat="30.56192" lon="-9.57782">
    <name>TP1053</name>
  </trkpt>
  <trkpt lat="30.56199" lon="-9.57784">
    <name>TP1054</name>
  </trkpt>
  <trkpt lat="30.562" lon="-9.57784">
    <name>TP1055</name>
  </trkpt>
  <trkpt lat="30.56203" lon="-9.57784">
    <name>TP1056</name>
  </trkpt>
  <trkpt lat="30.56207" lon="-9.57784">
    <name>TP1057</name>
  </trkpt>
  <trkpt lat="30.5622" lon="-9.57782">
    <name>TP1058</name>
  </trkpt>
  <trkpt lat="30.56245" lon="-9.57781">
    <name>TP1059</name>
  </trkpt>
  <trkpt lat="30.56251" lon="-9.57781">
    <name>TP1060</name>
  </trkpt>
  <trkpt lat="30.56258" lon="-9.57781">
    <name>TP1061</name>
  </trkpt>
  <trkpt lat="30.56263" lon="-9.57782">
    <name>TP1062</name>
  </trkpt>
  <trkpt lat="30.56281" lon="-9.57786">
    <name>TP1063</name>
  </trkpt>
  <trkpt lat="30.56289" lon="-9.57788">
    <name>TP1064</name>
  </trkpt>
  <trkpt lat="30.56295" lon="-9.57789">
    <name>TP1065</name>
  </trkpt>
  <trkpt lat="30.56306" lon="-9.57792">
    <name>TP1066</name>
  </trkpt>
  <trkpt lat="30.56307" lon="-9.57792">
    <name>TP1067</name>
  </trkpt>
  <trkpt lat="30.56315" lon="-9.57795">
    <name>TP1068</name>
  </trkpt>
  <trkpt lat="30.56321" lon="-9.57799">
    <name>TP1069</name>
  </trkpt>
  <trkpt lat="30.56326" lon="-9.57802">
    <name>TP1070</name>
  </trkpt>
  <trkpt lat="30.56337" lon="-9.57811">
    <name>TP1071</name>
  </trkpt>
  <trkpt lat="30.56344" lon="-9.57818">
    <name>TP1072</name>
  </trkpt>
  <trkpt lat="30.56351" lon="-9.57824">
    <name>TP1073</name>
  </trkpt>
  <trkpt lat="30.56357" lon="-9.57828">
    <name>TP1074</name>
  </trkpt>
  <trkpt lat="30.56363" lon="-9.57831">
    <name>TP1075</name>
  </trkpt>
  <trkpt lat="30.56381" lon="-9.57836">
    <name>TP1076</name>
  </trkpt>
  <trkpt lat="30.56387" lon="-9.57836">
    <name>TP1077</name>
  </trkpt>
  <trkpt lat="30.56404" lon="-9.57839">
    <name>TP1078</name>
  </trkpt>
  <trkpt lat="30.56413" lon="-9.5784">
    <name>TP1079</name>
  </trkpt>
  <trkpt lat="30.5644" lon="-9.57842">
    <name>TP1080</name>
  </trkpt>
  <trkpt lat="30.56446" lon="-9.57843">
    <name>TP1081</name>
  </trkpt>
  <trkpt lat="30.56458" lon="-9.57845">
    <name>TP1082</name>
  </trkpt>
  <trkpt lat="30.56472" lon="-9.57848">
    <name>TP1083</name>
  </trkpt>
  <trkpt lat="30.56476" lon="-9.57849">
    <name>TP1084</name>
  </trkpt>
  <trkpt lat="30.56495" lon="-9.57853">
    <name>TP1085</name>
  </trkpt>
  <trkpt lat="30.56501" lon="-9.57854">
    <name>TP1086</name>
  </trkpt>
  <trkpt lat="30.56506" lon="-9.57855">
    <name>TP1087</name>
  </trkpt>
  <trkpt lat="30.56514" lon="-9.57854">
    <name>TP1088</name>
  </trkpt>
  <trkpt lat="30.56522" lon="-9.57853">
    <name>TP1089</name>
  </trkpt>
  <trkpt lat="30.56535" lon="-9.57849">
    <name>TP1090</name>
  </trkpt>
  <trkpt lat="30.56546" lon="-9.57846">
    <name>TP1091</name>
  </trkpt>
  <trkpt lat="30.56547" lon="-9.57846">
    <name>TP1092</name>
  </trkpt>
  <trkpt lat="30.56563" lon="-9.5784">
    <name>TP1093</name>
  </trkpt>
  <trkpt lat="30.56572" lon="-9.57836">
    <name>TP1094</name>
  </trkpt>
  <trkpt lat="30.56577" lon="-9.57834">
    <name>TP1095</name>
  </trkpt>
  <trkpt lat="30.56582" lon="-9.57831">
    <name>TP1096</name>
  </trkpt>
  <trkpt lat="30.56585" lon="-9.5783">
    <name>TP1097</name>
  </trkpt>
  <trkpt lat="30.56588" lon="-9.57829">
    <name>TP1098</name>
  </trkpt>
  <trkpt lat="30.56593" lon="-9.57829">
    <name>TP1099</name>
  </trkpt>
  <trkpt lat="30.56599" lon="-9.5783">
    <name>TP1100</name>
  </trkpt>
  <trkpt lat="30.56615" lon="-9.57834">
    <name>TP1101</name>
  </trkpt>
  <trkpt lat="30.56616" lon="-9.57835">
    <name>TP1102</name>
  </trkpt>
  <trkpt lat="30.56637" lon="-9.5784">
    <name>TP1103</name>
  </trkpt>
  <trkpt lat="30.5666" lon="-9.57846">
    <name>TP1104</name>
  </trkpt>
  <trkpt lat="30.56681" lon="-9.57853">
    <name>TP1105</name>
  </trkpt>
  <trkpt lat="30.56686" lon="-9.57855">
    <name>TP1106</name>
  </trkpt>
  <trkpt lat="30.56691" lon="-9.57858">
    <name>TP1107</name>
  </trkpt>
  <trkpt lat="30.56697" lon="-9.57861">
    <name>TP1108</name>
  </trkpt>
  <trkpt lat="30.56701" lon="-9.57863">
    <name>TP1109</name>
  </trkpt>
  <trkpt lat="30.56704" lon="-9.57864">
    <name>TP1110</name>
  </trkpt>
  <trkpt lat="30.56708" lon="-9.57863">
    <name>TP1111</name>
  </trkpt>
  <trkpt lat="30.56713" lon="-9.57862">
    <name>TP1112</name>
  </trkpt>
  <trkpt lat="30.56716" lon="-9.5786">
    <name>TP1113</name>
  </trkpt>
  <trkpt lat="30.56718" lon="-9.57858">
    <name>TP1114</name>
  </trkpt>
  <trkpt lat="30.56721" lon="-9.57855">
    <name>TP1115</name>
  </trkpt>
  <trkpt lat="30.56723" lon="-9.57852">
    <name>TP1116</name>
  </trkpt>
  <trkpt lat="30.56727" lon="-9.57848">
    <name>TP1117</name>
  </trkpt>
  <trkpt lat="30.5673" lon="-9.57846">
    <name>TP1118</name>
  </trkpt>
  <trkpt lat="30.56733" lon="-9.57844">
    <name>TP1119</name>
  </trkpt>
  <trkpt lat="30.56738" lon="-9.57843">
    <name>TP1120</name>
  </trkpt>
  <trkpt lat="30.56742" lon="-9.57843">
    <name>TP1121</name>
  </trkpt>
  <trkpt lat="30.56745" lon="-9.57843">
    <name>TP1122</name>
  </trkpt>
  <trkpt lat="30.5675" lon="-9.57846">
    <name>TP1123</name>
  </trkpt>
  <trkpt lat="30.56754" lon="-9.57848">
    <name>TP1124</name>
  </trkpt>
  <trkpt lat="30.56764" lon="-9.57854">
    <name>TP1125</name>
  </trkpt>
  <trkpt lat="30.56769" lon="-9.57856">
    <name>TP1126</name>
  </trkpt>
  <trkpt lat="30.56773" lon="-9.57858">
    <name>TP1127</name>
  </trkpt>
  <trkpt lat="30.56777" lon="-9.57859">
    <name>TP1128</name>
  </trkpt>
  <trkpt lat="30.5678" lon="-9.57859">
    <name>TP1129</name>
  </trkpt>
  <trkpt lat="30.56783" lon="-9.57859">
    <name>TP1130</name>
  </trkpt>
  <trkpt lat="30.56785" lon="-9.57859">
    <name>TP1131</name>
  </trkpt>
  <trkpt lat="30.56789" lon="-9.57858">
    <name>TP1132</name>
  </trkpt>
  <trkpt lat="30.56796" lon="-9.57854">
    <name>TP1133</name>
  </trkpt>
  <trkpt lat="30.56799" lon="-9.57852">
    <name>TP1134</name>
  </trkpt>
  <trkpt lat="30.56804" lon="-9.57847">
    <name>TP1135</name>
  </trkpt>
  <trkpt lat="30.56808" lon="-9.57843">
    <name>TP1136</name>
  </trkpt>
  <trkpt lat="30.56811" lon="-9.5784">
    <name>TP1137</name>
  </trkpt>
  <trkpt lat="30.56813" lon="-9.57838">
    <name>TP1138</name>
  </trkpt>
  <trkpt lat="30.56817" lon="-9.57837">
    <name>TP1139</name>
  </trkpt>
  <trkpt lat="30.56819" lon="-9.57837">
    <name>TP1140</name>
  </trkpt>
  <trkpt lat="30.56823" lon="-9.57838">
    <name>TP1141</name>
  </trkpt>
  <trkpt lat="30.56825" lon="-9.5784">
    <name>TP1142</name>
  </trkpt>
  <trkpt lat="30.56827" lon="-9.57843">
    <name>TP1143</name>
  </trkpt>
  <trkpt lat="30.56828" lon="-9.57845">
    <name>TP1144</name>
  </trkpt>
  <trkpt lat="30.56833" lon="-9.57857">
    <name>TP1145</name>
  </trkpt>
  <trkpt lat="30.56835" lon="-9.57864">
    <name>TP1146</name>
  </trkpt>
  <trkpt lat="30.56839" lon="-9.57878">
    <name>TP1147</name>
  </trkpt>
  <trkpt lat="30.56843" lon="-9.57888">
    <name>TP1148</name>
  </trkpt>
  <trkpt lat="30.56845" lon="-9.57899">
    <name>TP1149</name>
  </trkpt>
  <trkpt lat="30.56846" lon="-9.5791">
    <name>TP1150</name>
  </trkpt>
  <trkpt lat="30.56846" lon="-9.57916">
    <name>TP1151</name>
  </trkpt>
  <trkpt lat="30.56845" lon="-9.57924">
    <name>TP1152</name>
  </trkpt>
  <trkpt lat="30.56845" lon="-9.57929">
    <name>TP1153</name>
  </trkpt>
  <trkpt lat="30.56844" lon="-9.57934">
    <name>TP1154</name>
  </trkpt>
  <trkpt lat="30.56845" lon="-9.57937">
    <name>TP1155</name>
  </trkpt>
  <trkpt lat="30.56846" lon="-9.57942">
    <name>TP1156</name>
  </trkpt>
  <trkpt lat="30.56847" lon="-9.57945">
    <name>TP1157</name>
  </trkpt>
  <trkpt lat="30.56847" lon="-9.57948">
    <name>TP1158</name>
  </trkpt>
  <trkpt lat="30.56849" lon="-9.57953">
    <name>TP1159</name>
  </trkpt>
  <trkpt lat="30.56851" lon="-9.57956">
    <name>TP1160</name>
  </trkpt>
  <trkpt lat="30.56856" lon="-9.57963">
    <name>TP1161</name>
  </trkpt>
  <trkpt lat="30.56858" lon="-9.57965">
    <name>TP1162</name>
  </trkpt>
  <trkpt lat="30.56871" lon="-9.57984">
    <name>TP1163</name>
  </trkpt>
  <trkpt lat="30.56874" lon="-9.57988">
    <name>TP1164</name>
  </trkpt>
  <trkpt lat="30.56879" lon="-9.57993">
    <name>TP1165</name>
  </trkpt>
  <trkpt lat="30.5688" lon="-9.57994">
    <name>TP1166</name>
  </trkpt>
  <trkpt lat="30.56883" lon="-9.57997">
    <name>TP1167</name>
  </trkpt>
  <trkpt lat="30.56887" lon="-9.58001">
    <name>TP1168</name>
  </trkpt>
  <trkpt lat="30.56892" lon="-9.58007">
    <name>TP1169</name>
  </trkpt>
  <trkpt lat="30.56893" lon="-9.58008">
    <name>TP1170</name>
  </trkpt>
  <trkpt lat="30.56895" lon="-9.58012">
    <name>TP1171</name>
  </trkpt>
  <trkpt lat="30.56897" lon="-9.58015">
    <name>TP1172</name>
  </trkpt>
  <trkpt lat="30.56902" lon="-9.58021">
    <name>TP1173</name>
  </trkpt>
  <trkpt lat="30.56905" lon="-9.58026">
    <name>TP1174</name>
  </trkpt>
  <trkpt lat="30.56909" lon="-9.58029">
    <name>TP1175</name>
  </trkpt>
  <trkpt lat="30.56915" lon="-9.58034">
    <name>TP1176</name>
  </trkpt>
  <trkpt lat="30.56917" lon="-9.58036">
    <name>TP1177</name>
  </trkpt>
  <trkpt lat="30.56918" lon="-9.58037">
    <name>TP1178</name>
  </trkpt>
  <trkpt lat="30.5692" lon="-9.58039">
    <name>TP1179</name>
  </trkpt>
  <trkpt lat="30.56929" lon="-9.58049">
    <name>TP1180</name>
  </trkpt>
  <trkpt lat="30.56931" lon="-9.58051">
    <name>TP1181</name>
  </trkpt>
  <trkpt lat="30.56934" lon="-9.58055">
    <name>TP1182</name>
  </trkpt>
  <trkpt lat="30.56937" lon="-9.58057">
    <name>TP1183</name>
  </trkpt>
  <trkpt lat="30.56942" lon="-9.5806">
    <name>TP1184</name>
  </trkpt>
  <trkpt lat="30.56946" lon="-9.58061">
    <name>TP1185</name>
  </trkpt>
  <trkpt lat="30.56947" lon="-9.58062">
    <name>TP1186</name>
  </trkpt>
  <trkpt lat="30.56949" lon="-9.58063">
    <name>TP1187</name>
  </trkpt>
  <trkpt lat="30.56952" lon="-9.58066">
    <name>TP1188</name>
  </trkpt>
  <trkpt lat="30.56954" lon="-9.58067">
    <name>TP1189</name>
  </trkpt>
  <trkpt lat="30.56957" lon="-9.5807">
    <name>TP1190</name>
  </trkpt>
  <trkpt lat="30.56959" lon="-9.58073">
    <name>TP1191</name>
  </trkpt>
  <trkpt lat="30.56959" lon="-9.58075">
    <name>TP1192</name>
  </trkpt>
  <trkpt lat="30.5696" lon="-9.58076">
    <name>TP1193</name>
  </trkpt>
  <trkpt lat="30.5696" lon="-9.5808">
    <name>TP1194</name>
  </trkpt>
  <trkpt lat="30.56961" lon="-9.58084">
    <name>TP1195</name>
  </trkpt>
  <trkpt lat="30.56961" lon="-9.58093">
    <name>TP1196</name>
  </trkpt>
  <trkpt lat="30.56961" lon="-9.58096">
    <name>TP1197</name>
  </trkpt>
  <trkpt lat="30.56961" lon="-9.58101">
    <name>TP1198</name>
  </trkpt>
  <trkpt lat="30.56961" lon="-9.58104">
    <name>TP1199</name>
  </trkpt>
  <trkpt lat="30.56961" lon="-9.58108">
    <name>TP1200</name>
  </trkpt>
  <trkpt lat="30.56961" lon="-9.58113">
    <name>TP1201</name>
  </trkpt>
  <trkpt lat="30.56961" lon="-9.58117">
    <name>TP1202</name>
  </trkpt>
  <trkpt lat="30.56962" lon="-9.58121">
    <name>TP1203</name>
  </trkpt>
  <trkpt lat="30.56963" lon="-9.58124">
    <name>TP1204</name>
  </trkpt>
  <trkpt lat="30.56964" lon="-9.58127">
    <name>TP1205</name>
  </trkpt>
  <trkpt lat="30.56966" lon="-9.58129">
    <name>TP1206</name>
  </trkpt>
  <trkpt lat="30.56967" lon="-9.5813">
    <name>TP1207</name>
  </trkpt>
  <trkpt lat="30.56969" lon="-9.58131">
    <name>TP1208</name>
  </trkpt>
  <trkpt lat="30.56972" lon="-9.58131">
    <name>TP1209</name>
  </trkpt>
  <trkpt lat="30.56975" lon="-9.58131">
    <name>TP1210</name>
  </trkpt>
  <trkpt lat="30.56978" lon="-9.5813">
    <name>TP1211</name>
  </trkpt>
  <trkpt lat="30.56983" lon="-9.58128">
    <name>TP1212</name>
  </trkpt>
  <trkpt lat="30.56986" lon="-9.58127">
    <name>TP1213</name>
  </trkpt>
  <trkpt lat="30.56988" lon="-9.58126">
    <name>TP1214</name>
  </trkpt>
  <trkpt lat="30.56989" lon="-9.58126">
    <name>TP1215</name>
  </trkpt>
  <trkpt lat="30.56991" lon="-9.58126">
    <name>TP1216</name>
  </trkpt>
  <trkpt lat="30.56993" lon="-9.58126">
    <name>TP1217</name>
  </trkpt>
  <trkpt lat="30.56997" lon="-9.58126">
    <name>TP1218</name>
  </trkpt>
  <trkpt lat="30.56999" lon="-9.58127">
    <name>TP1219</name>
  </trkpt>
  <trkpt lat="30.57002" lon="-9.58129">
    <name>TP1220</name>
  </trkpt>
  <trkpt lat="30.57004" lon="-9.58131">
    <name>TP1221</name>
  </trkpt>
  <trkpt lat="30.57006" lon="-9.58132">
    <name>TP1222</name>
  </trkpt>
  <trkpt lat="30.57009" lon="-9.58134">
    <name>TP1223</name>
  </trkpt>
  <trkpt lat="30.57012" lon="-9.58136">
    <name>TP1224</name>
  </trkpt>
  <trkpt lat="30.57014" lon="-9.58137">
    <name>TP1225</name>
  </trkpt>
  <trkpt lat="30.57017" lon="-9.58138">
    <name>TP1226</name>
  </trkpt>
  <trkpt lat="30.57019" lon="-9.58138">
    <name>TP1227</name>
  </trkpt>
  <trkpt lat="30.57022" lon="-9.58137">
    <name>TP1228</name>
  </trkpt>
  <trkpt lat="30.57024" lon="-9.58135">
    <name>TP1229</name>
  </trkpt>
  <trkpt lat="30.57025" lon="-9.58132">
    <name>TP1230</name>
  </trkpt>
  <trkpt lat="30.57027" lon="-9.5813">
    <name>TP1231</name>
  </trkpt>
  <trkpt lat="30.57031" lon="-9.58122">
    <name>TP1232</name>
  </trkpt>
  <trkpt lat="30.57033" lon="-9.58118">
    <name>TP1233</name>
  </trkpt>
  <trkpt lat="30.57036" lon="-9.58116">
    <name>TP1234</name>
  </trkpt>
  <trkpt lat="30.57037" lon="-9.58115">
    <name>TP1235</name>
  </trkpt>
  <trkpt lat="30.57041" lon="-9.58113">
    <name>TP1236</name>
  </trkpt>
  <trkpt lat="30.57044" lon="-9.58113">
    <name>TP1237</name>
  </trkpt>
  <trkpt lat="30.57049" lon="-9.58112">
    <name>TP1238</name>
  </trkpt>
  <trkpt lat="30.5706" lon="-9.58111">
    <name>TP1239</name>
  </trkpt>
  <trkpt lat="30.57066" lon="-9.5811">
    <name>TP1240</name>
  </trkpt>
  <trkpt lat="30.57072" lon="-9.5811">
    <name>TP1241</name>
  </trkpt>
  <trkpt lat="30.57075" lon="-9.5811">
    <name>TP1242</name>
  </trkpt>
  <trkpt lat="30.57078" lon="-9.58111">
    <name>TP1243</name>
  </trkpt>
  <trkpt lat="30.57081" lon="-9.58111">
    <name>TP1244</name>
  </trkpt>
  <trkpt lat="30.57084" lon="-9.58113">
    <name>TP1245</name>
  </trkpt>
  <trkpt lat="30.57086" lon="-9.58114">
    <name>TP1246</name>
  </trkpt>
  <trkpt lat="30.57089" lon="-9.58116">
    <name>TP1247</name>
  </trkpt>
  <trkpt lat="30.57101" lon="-9.58127">
    <name>TP1248</name>
  </trkpt>
  <trkpt lat="30.57106" lon="-9.58131">
    <name>TP1249</name>
  </trkpt>
  <trkpt lat="30.57109" lon="-9.58134">
    <name>TP1250</name>
  </trkpt>
  <trkpt lat="30.57111" lon="-9.58136">
    <name>TP1251</name>
  </trkpt>
  <trkpt lat="30.57112" lon="-9.58137">
    <name>TP1252</name>
  </trkpt>
  <trkpt lat="30.57113" lon="-9.58137">
    <name>TP1253</name>
  </trkpt>
  <trkpt lat="30.57114" lon="-9.58138">
    <name>TP1254</name>
  </trkpt>
  <trkpt lat="30.57117" lon="-9.58138">
    <name>TP1255</name>
  </trkpt>
  <trkpt lat="30.57119" lon="-9.58138">
    <name>TP1256</name>
  </trkpt>
  <trkpt lat="30.5712" lon="-9.58137">
    <name>TP1257</name>
  </trkpt>
  <trkpt lat="30.57121" lon="-9.58136">
    <name>TP1258</name>
  </trkpt>
  <trkpt lat="30.57123" lon="-9.58134">
    <name>TP1259</name>
  </trkpt>
  <trkpt lat="30.57125" lon="-9.58131">
    <name>TP1260</name>
  </trkpt>
  <trkpt lat="30.57126" lon="-9.58126">
    <name>TP1261</name>
  </trkpt>
  <trkpt lat="30.57126" lon="-9.58124">
    <name>TP1262</name>
  </trkpt>
  <trkpt lat="30.57127" lon="-9.58122">
    <name>TP1263</name>
  </trkpt>
  <trkpt lat="30.57128" lon="-9.5812">
    <name>TP1264</name>
  </trkpt>
  <trkpt lat="30.5713" lon="-9.58119">
    <name>TP1265</name>
  </trkpt>
  <trkpt lat="30.57131" lon="-9.58117">
    <name>TP1266</name>
  </trkpt>
  <trkpt lat="30.57133" lon="-9.58116">
    <name>TP1267</name>
  </trkpt>
  <trkpt lat="30.57136" lon="-9.58114">
    <name>TP1268</name>
  </trkpt>
  <trkpt lat="30.57138" lon="-9.58114">
    <name>TP1269</name>
  </trkpt>
  <trkpt lat="30.5714" lon="-9.58113">
    <name>TP1270</name>
  </trkpt>
  <trkpt lat="30.57142" lon="-9.58113">
    <name>TP1271</name>
  </trkpt>
  <trkpt lat="30.57145" lon="-9.58113">
    <name>TP1272</name>
  </trkpt>
  <trkpt lat="30.57149" lon="-9.58114">
    <name>TP1273</name>
  </trkpt>
  <trkpt lat="30.57164" lon="-9.58122">
    <name>TP1274</name>
  </trkpt>
  <trkpt lat="30.57172" lon="-9.58127">
    <name>TP1275</name>
  </trkpt>
  <trkpt lat="30.57179" lon="-9.58131">
    <name>TP1276</name>
  </trkpt>
  <trkpt lat="30.57191" lon="-9.58135">
    <name>TP1277</name>
  </trkpt>
  <trkpt lat="30.57193" lon="-9.58135">
    <name>TP1278</name>
  </trkpt>
  <trkpt lat="30.57196" lon="-9.58136">
    <name>TP1279</name>
  </trkpt>
  <trkpt lat="30.57198" lon="-9.58136">
    <name>TP1280</name>
  </trkpt>
  <trkpt lat="30.57203" lon="-9.58135">
    <name>TP1281</name>
  </trkpt>
  <trkpt lat="30.57208" lon="-9.58134">
    <name>TP1282</name>
  </trkpt>
  <trkpt lat="30.57212" lon="-9.58133">
    <name>TP1283</name>
  </trkpt>
  <trkpt lat="30.57215" lon="-9.58133">
    <name>TP1284</name>
  </trkpt>
  <trkpt lat="30.57219" lon="-9.58133">
    <name>TP1285</name>
  </trkpt>
  <trkpt lat="30.57223" lon="-9.58134">
    <name>TP1286</name>
  </trkpt>
  <trkpt lat="30.57224" lon="-9.58134">
    <name>TP1287</name>
  </trkpt>
  <trkpt lat="30.57227" lon="-9.58135">
    <name>TP1288</name>
  </trkpt>
  <trkpt lat="30.57229" lon="-9.58137">
    <name>TP1289</name>
  </trkpt>
  <trkpt lat="30.57234" lon="-9.5814">
    <name>TP1290</name>
  </trkpt>
  <trkpt lat="30.57239" lon="-9.58145">
    <name>TP1291</name>
  </trkpt>
  <trkpt lat="30.57246" lon="-9.5815">
    <name>TP1292</name>
  </trkpt>
  <trkpt lat="30.57249" lon="-9.58152">
    <name>TP1293</name>
  </trkpt>
  <trkpt lat="30.57253" lon="-9.58154">
    <name>TP1294</name>
  </trkpt>
  <trkpt lat="30.57256" lon="-9.58155">
    <name>TP1295</name>
  </trkpt>
  <trkpt lat="30.5726" lon="-9.58155">
    <name>TP1296</name>
  </trkpt>
  <trkpt lat="30.57262" lon="-9.58155">
    <name>TP1297</name>
  </trkpt>
  <trkpt lat="30.57268" lon="-9.58152">
    <name>TP1298</name>
  </trkpt>
  <trkpt lat="30.57272" lon="-9.5815">
    <name>TP1299</name>
  </trkpt>
  <trkpt lat="30.57276" lon="-9.58148">
    <name>TP1300</name>
  </trkpt>
  <trkpt lat="30.5728" lon="-9.58147">
    <name>TP1301</name>
  </trkpt>
  <trkpt lat="30.57282" lon="-9.58146">
    <name>TP1302</name>
  </trkpt>
  <trkpt lat="30.57284" lon="-9.58147">
    <name>TP1303</name>
  </trkpt>
  <trkpt lat="30.57287" lon="-9.58147">
    <name>TP1304</name>
  </trkpt>
  <trkpt lat="30.57289" lon="-9.58147">
    <name>TP1305</name>
  </trkpt>
  <trkpt lat="30.57289" lon="-9.58148">
    <name>TP1306</name>
  </trkpt>
  <trkpt lat="30.57291" lon="-9.58148">
    <name>TP1307</name>
  </trkpt>
  <trkpt lat="30.57293" lon="-9.5815">
    <name>TP1308</name>
  </trkpt>
  <trkpt lat="30.57295" lon="-9.58152">
    <name>TP1309</name>
  </trkpt>
  <trkpt lat="30.57301" lon="-9.58165">
    <name>TP1310</name>
  </trkpt>
  <trkpt lat="30.57308" lon="-9.58181">
    <name>TP1311</name>
  </trkpt>
  <trkpt lat="30.57312" lon="-9.5819">
    <name>TP1312</name>
  </trkpt>
  <trkpt lat="30.57316" lon="-9.58196">
    <name>TP1313</name>
  </trkpt>
  <trkpt lat="30.57319" lon="-9.58199">
    <name>TP1314</name>
  </trkpt>
  <trkpt lat="30.5732" lon="-9.582">
    <name>TP1315</name>
  </trkpt>
  <trkpt lat="30.57324" lon="-9.58203">
    <name>TP1316</name>
  </trkpt>
  <trkpt lat="30.57334" lon="-9.58206">
    <name>TP1317</name>
  </trkpt>
  <trkpt lat="30.57347" lon="-9.58208">
    <name>TP1318</name>
  </trkpt>
  <trkpt lat="30.57354" lon="-9.58209">
    <name>TP1319</name>
  </trkpt>
  <trkpt lat="30.57358" lon="-9.5821">
    <name>TP1320</name>
  </trkpt>
  <trkpt lat="30.5736" lon="-9.58211">
    <name>TP1321</name>
  </trkpt>
  <trkpt lat="30.57365" lon="-9.58213">
    <name>TP1322</name>
  </trkpt>
  <trkpt lat="30.57368" lon="-9.58214">
    <name>TP1323</name>
  </trkpt>
  <trkpt lat="30.5737" lon="-9.58216">
    <name>TP1324</name>
  </trkpt>
  <trkpt lat="30.57373" lon="-9.58227">
    <name>TP1325</name>
  </trkpt>
  <trkpt lat="30.57376" lon="-9.58236">
    <name>TP1326</name>
  </trkpt>
  <trkpt lat="30.57377" lon="-9.58249">
    <name>TP1327</name>
  </trkpt>
  <trkpt lat="30.57379" lon="-9.58255">
    <name>TP1328</name>
  </trkpt>
  <trkpt lat="30.5738" lon="-9.58256">
    <name>TP1329</name>
  </trkpt>
  <trkpt lat="30.57385" lon="-9.58259">
    <name>TP1330</name>
  </trkpt>
  <trkpt lat="30.57393" lon="-9.58259">
    <name>TP1331</name>
  </trkpt>
  <trkpt lat="30.57397" lon="-9.58256">
    <name>TP1332</name>
  </trkpt>
  <trkpt lat="30.57403" lon="-9.58252">
    <name>TP1333</name>
  </trkpt>
  <trkpt lat="30.57413" lon="-9.58247">
    <name>TP1334</name>
  </trkpt>
  <trkpt lat="30.5742" lon="-9.58244">
    <name>TP1335</name>
  </trkpt>
  <trkpt lat="30.5743" lon="-9.58242">
    <name>TP1336</name>
  </trkpt>
  <trkpt lat="30.5744" lon="-9.58242">
    <name>TP1337</name>
  </trkpt>
  <trkpt lat="30.57451" lon="-9.58245">
    <name>TP1338</name>
  </trkpt>
  <trkpt lat="30.57464" lon="-9.5825">
    <name>TP1339</name>
  </trkpt>
  <trkpt lat="30.57465" lon="-9.5825">
    <name>TP1340</name>
  </trkpt>
  <trkpt lat="30.57472" lon="-9.58251">
    <name>TP1341</name>
  </trkpt>
  <trkpt lat="30.57476" lon="-9.58249">
    <name>TP1342</name>
  </trkpt>
  <trkpt lat="30.57483" lon="-9.58236">
    <name>TP1343</name>
  </trkpt>
  <trkpt lat="30.57491" lon="-9.58226">
    <name>TP1344</name>
  </trkpt>
  <trkpt lat="30.57491" lon="-9.58225">
    <name>TP1345</name>
  </trkpt>
  <trkpt lat="30.57504" lon="-9.5821">
    <name>TP1346</name>
  </trkpt>
  <trkpt lat="30.57515" lon="-9.58208">
    <name>TP1347</name>
  </trkpt>
  <trkpt lat="30.5752" lon="-9.58208">
    <name>TP1348</name>
  </trkpt>
  <trkpt lat="30.57538" lon="-9.58209">
    <name>TP1349</name>
  </trkpt>
  <trkpt lat="30.5754" lon="-9.5821">
    <name>TP1350</name>
  </trkpt>
  <trkpt lat="30.57582" lon="-9.5821">
    <name>TP1351</name>
  </trkpt>
  <trkpt lat="30.57597" lon="-9.58211">
    <name>TP1352</name>
  </trkpt>
  <trkpt lat="30.5761" lon="-9.58215">
    <name>TP1353</name>
  </trkpt>
  <trkpt lat="30.57611" lon="-9.58215">
    <name>TP1354</name>
  </trkpt>
  <trkpt lat="30.57627" lon="-9.58221">
    <name>TP1355</name>
  </trkpt>
  <trkpt lat="30.57636" lon="-9.58224">
    <name>TP1356</name>
  </trkpt>
  <trkpt lat="30.57644" lon="-9.58227">
    <name>TP1357</name>
  </trkpt>
  <trkpt lat="30.57649" lon="-9.58228">
    <name>TP1358</name>
  </trkpt>
  <trkpt lat="30.57661" lon="-9.58235">
    <name>TP1359</name>
  </trkpt>
  <trkpt lat="30.57677" lon="-9.58247">
    <name>TP1360</name>
  </trkpt>
  <trkpt lat="30.5769" lon="-9.58257">
    <name>TP1361</name>
  </trkpt>
  <trkpt lat="30.57708" lon="-9.58264">
    <name>TP1362</name>
  </trkpt>
  <trkpt lat="30.57711" lon="-9.58266">
    <name>TP1363</name>
  </trkpt>
  <trkpt lat="30.57725" lon="-9.58271">
    <name>TP1364</name>
  </trkpt>
  <trkpt lat="30.57734" lon="-9.58275">
    <name>TP1365</name>
  </trkpt>
  <trkpt lat="30.57742" lon="-9.58277">
    <name>TP1366</name>
  </trkpt>
  <trkpt lat="30.57758" lon="-9.5828">
    <name>TP1367</name>
  </trkpt>
  <trkpt lat="30.57767" lon="-9.58283">
    <name>TP1368</name>
  </trkpt>
  <trkpt lat="30.57776" lon="-9.58289">
    <name>TP1369</name>
  </trkpt>
  <trkpt lat="30.57787" lon="-9.583">
    <name>TP1370</name>
  </trkpt>
  <trkpt lat="30.57801" lon="-9.5831">
    <name>TP1371</name>
  </trkpt>
  <trkpt lat="30.57821" lon="-9.58321">
    <name>TP1372</name>
  </trkpt>
  <trkpt lat="30.57841" lon="-9.5833">
    <name>TP1373</name>
  </trkpt>
  <trkpt lat="30.57856" lon="-9.58336">
    <name>TP1374</name>
  </trkpt>
  <trkpt lat="30.57859" lon="-9.58337">
    <name>TP1375</name>
  </trkpt>
  <trkpt lat="30.57872" lon="-9.58345">
    <name>TP1376</name>
  </trkpt>
  <trkpt lat="30.57876" lon="-9.58348">
    <name>TP1377</name>
  </trkpt>
  <trkpt lat="30.57887" lon="-9.58357">
    <name>TP1378</name>
  </trkpt>
  <trkpt lat="30.57893" lon="-9.58362">
    <name>TP1379</name>
  </trkpt>
  <trkpt lat="30.57904" lon="-9.58376">
    <name>TP1380</name>
  </trkpt>
  <trkpt lat="30.57906" lon="-9.58379">
    <name>TP1381</name>
  </trkpt>
  <trkpt lat="30.57911" lon="-9.58388">
    <name>TP1382</name>
  </trkpt>
  <trkpt lat="30.57915" lon="-9.58408">
    <name>TP1383</name>
  </trkpt>
  <trkpt lat="30.57922" lon="-9.5846">
    <name>TP1384</name>
  </trkpt>
  <trkpt lat="30.57924" lon="-9.58471">
    <name>TP1385</name>
  </trkpt>
  <trkpt lat="30.57928" lon="-9.58491">
    <name>TP1386</name>
  </trkpt>
  <trkpt lat="30.57938" lon="-9.5852">
    <name>TP1387</name>
  </trkpt>
  <trkpt lat="30.57948" lon="-9.58549">
    <name>TP1388</name>
  </trkpt>
  <trkpt lat="30.5795" lon="-9.58559">
    <name>TP1389</name>
  </trkpt>
  <trkpt lat="30.57953" lon="-9.58568">
    <name>TP1390</name>
  </trkpt>
  <trkpt lat="30.57959" lon="-9.5858">
    <name>TP1391</name>
  </trkpt>
  <trkpt lat="30.57968" lon="-9.58588">
    <name>TP1392</name>
  </trkpt>
  <trkpt lat="30.57986" lon="-9.58597">
    <name>TP1393</name>
  </trkpt>
  <trkpt lat="30.57998" lon="-9.58605">
    <name>TP1394</name>
  </trkpt>
  <trkpt lat="30.58002" lon="-9.58612">
    <name>TP1395</name>
  </trkpt>
  <trkpt lat="30.58004" lon="-9.58616">
    <name>TP1396</name>
  </trkpt>
  <trkpt lat="30.58008" lon="-9.58631">
    <name>TP1397</name>
  </trkpt>
  <trkpt lat="30.5801" lon="-9.58641">
    <name>TP1398</name>
  </trkpt>
  <trkpt lat="30.58012" lon="-9.58652">
    <name>TP1399</name>
  </trkpt>
  <trkpt lat="30.58013" lon="-9.5866">
    <name>TP1400</name>
  </trkpt>
  <trkpt lat="30.58015" lon="-9.58674">
    <name>TP1401</name>
  </trkpt>
  <trkpt lat="30.58017" lon="-9.58681">
    <name>TP1402</name>
  </trkpt>
  <trkpt lat="30.58023" lon="-9.58689">
    <name>TP1403</name>
  </trkpt>
  <trkpt lat="30.58024" lon="-9.5869">
    <name>TP1404</name>
  </trkpt>
  <trkpt lat="30.58028" lon="-9.58699">
    <name>TP1405</name>
  </trkpt>
  <trkpt lat="30.5803" lon="-9.58709">
    <name>TP1406</name>
  </trkpt>
  <trkpt lat="30.58031" lon="-9.58746">
    <name>TP1407</name>
  </trkpt>
  <trkpt lat="30.58032" lon="-9.58751">
    <name>TP1408</name>
  </trkpt>
  <trkpt lat="30.58034" lon="-9.58763">
    <name>TP1409</name>
  </trkpt>
  <trkpt lat="30.58039" lon="-9.5877">
    <name>TP1410</name>
  </trkpt>
  <trkpt lat="30.58042" lon="-9.58774">
    <name>TP1411</name>
  </trkpt>
  <trkpt lat="30.58048" lon="-9.58779">
    <name>TP1412</name>
  </trkpt>
  <trkpt lat="30.58053" lon="-9.5878">
    <name>TP1413</name>
  </trkpt>
  <trkpt lat="30.58059" lon="-9.58781">
    <name>TP1414</name>
  </trkpt>
  <trkpt lat="30.58071" lon="-9.58781">
    <name>TP1415</name>
  </trkpt>
  <trkpt lat="30.5808" lon="-9.58784">
    <name>TP1416</name>
  </trkpt>
  <trkpt lat="30.58094" lon="-9.58792">
    <name>TP1417</name>
  </trkpt>
  <trkpt lat="30.58106" lon="-9.58796">
    <name>TP1418</name>
  </trkpt>
  <trkpt lat="30.58115" lon="-9.58798">
    <name>TP1419</name>
  </trkpt>
  <trkpt lat="30.58123" lon="-9.58797">
    <name>TP1420</name>
  </trkpt>
  <trkpt lat="30.58128" lon="-9.58797">
    <name>TP1421</name>
  </trkpt>
  <trkpt lat="30.58141" lon="-9.58797">
    <name>TP1422</name>
  </trkpt>
  <trkpt lat="30.58147" lon="-9.58798">
    <name>TP1423</name>
  </trkpt>
  <trkpt lat="30.58162" lon="-9.58801">
    <name>TP1424</name>
  </trkpt>
  <trkpt lat="30.58178" lon="-9.58808">
    <name>TP1425</name>
  </trkpt>
  <trkpt lat="30.58188" lon="-9.58816">
    <name>TP1426</name>
  </trkpt>
  <trkpt lat="30.5819" lon="-9.58818">
    <name>TP1427</name>
  </trkpt>
  <trkpt lat="30.58204" lon="-9.58832">
    <name>TP1428</name>
  </trkpt>
  <trkpt lat="30.5821" lon="-9.58839">
    <name>TP1429</name>
  </trkpt>
  <trkpt lat="30.58219" lon="-9.58841">
    <name>TP1430</name>
  </trkpt>
  <trkpt lat="30.58234" lon="-9.58837">
    <name>TP1431</name>
  </trkpt>
  <trkpt lat="30.58261" lon="-9.58826">
    <name>TP1432</name>
  </trkpt>
  <trkpt lat="30.58281" lon="-9.58816">
    <name>TP1433</name>
  </trkpt>
  <trkpt lat="30.58286" lon="-9.58811">
    <name>TP1434</name>
  </trkpt>
  <trkpt lat="30.58295" lon="-9.58804">
    <name>TP1435</name>
  </trkpt>
  <trkpt lat="30.58301" lon="-9.58799">
    <name>TP1436</name>
  </trkpt>
  <trkpt lat="30.58309" lon="-9.58793">
    <name>TP1437</name>
  </trkpt>
  <trkpt lat="30.58316" lon="-9.5879">
    <name>TP1438</name>
  </trkpt>
  <trkpt lat="30.58317" lon="-9.58789">
    <name>TP1439</name>
  </trkpt>
  <trkpt lat="30.58324" lon="-9.5879">
    <name>TP1440</name>
  </trkpt>
  <trkpt lat="30.5833" lon="-9.58795">
    <name>TP1441</name>
  </trkpt>
  <trkpt lat="30.58331" lon="-9.58798">
    <name>TP1442</name>
  </trkpt>
  <trkpt lat="30.58332" lon="-9.58803">
    <name>TP1443</name>
  </trkpt>
  <trkpt lat="30.58334" lon="-9.58814">
    <name>TP1444</name>
  </trkpt>
  <trkpt lat="30.58334" lon="-9.58819">
    <name>TP1445</name>
  </trkpt>
  <trkpt lat="30.58335" lon="-9.58831">
    <name>TP1446</name>
  </trkpt>
  <trkpt lat="30.58335" lon="-9.58854">
    <name>TP1447</name>
  </trkpt>
  <trkpt lat="30.58333" lon="-9.58881">
    <name>TP1448</name>
  </trkpt>
  <trkpt lat="30.58332" lon="-9.58901">
    <name>TP1449</name>
  </trkpt>
  <trkpt lat="30.58333" lon="-9.58902">
    <name>TP1450</name>
  </trkpt>
  <trkpt lat="30.58335" lon="-9.58913">
    <name>TP1451</name>
  </trkpt>
  <trkpt lat="30.5834" lon="-9.58928">
    <name>TP1452</name>
  </trkpt>
  <trkpt lat="30.58346" lon="-9.5894">
    <name>TP1453</name>
  </trkpt>
  <trkpt lat="30.58351" lon="-9.58948">
    <name>TP1454</name>
  </trkpt>
  <trkpt lat="30.58359" lon="-9.58973">
    <name>TP1455</name>
  </trkpt>
  <trkpt lat="30.58373" lon="-9.59001">
    <name>TP1456</name>
  </trkpt>
  <trkpt lat="30.58377" lon="-9.59015">
    <name>TP1457</name>
  </trkpt>
  <trkpt lat="30.58384" lon="-9.59035">
    <name>TP1458</name>
  </trkpt>
  <trkpt lat="30.58386" lon="-9.59038">
    <name>TP1459</name>
  </trkpt>
  <trkpt lat="30.58391" lon="-9.59054">
    <name>TP1460</name>
  </trkpt>
  <trkpt lat="30.58392" lon="-9.59058">
    <name>TP1461</name>
  </trkpt>
  <trkpt lat="30.58397" lon="-9.59073">
    <name>TP1462</name>
  </trkpt>
  <trkpt lat="30.58401" lon="-9.59087">
    <name>TP1463</name>
  </trkpt>
  <trkpt lat="30.58408" lon="-9.59102">
    <name>TP1464</name>
  </trkpt>
  <trkpt lat="30.58412" lon="-9.59112">
    <name>TP1465</name>
  </trkpt>
  <trkpt lat="30.58415" lon="-9.59118">
    <name>TP1466</name>
  </trkpt>
  <trkpt lat="30.58416" lon="-9.59131">
    <name>TP1467</name>
  </trkpt>
  <trkpt lat="30.58417" lon="-9.59133">
    <name>TP1468</name>
  </trkpt>
  <trkpt lat="30.58414" lon="-9.59147">
    <name>TP1469</name>
  </trkpt>
  <trkpt lat="30.5841" lon="-9.5916">
    <name>TP1470</name>
  </trkpt>
  <trkpt lat="30.58402" lon="-9.59173">
    <name>TP1471</name>
  </trkpt>
  <trkpt lat="30.58382" lon="-9.59198">
    <name>TP1472</name>
  </trkpt>
  <trkpt lat="30.5838" lon="-9.59201">
    <name>TP1473</name>
  </trkpt>
  <trkpt lat="30.58379" lon="-9.59205">
    <name>TP1474</name>
  </trkpt>
  <trkpt lat="30.58378" lon="-9.59211">
    <name>TP1475</name>
  </trkpt>
  <trkpt lat="30.58379" lon="-9.59216">
    <name>TP1476</name>
  </trkpt>
  <trkpt lat="30.58383" lon="-9.5922">
    <name>TP1477</name>
  </trkpt>
  <trkpt lat="30.5839" lon="-9.59222">
    <name>TP1478</name>
  </trkpt>
  <trkpt lat="30.58401" lon="-9.59222">
    <name>TP1479</name>
  </trkpt>
  <trkpt lat="30.58405" lon="-9.59223">
    <name>TP1480</name>
  </trkpt>
  <trkpt lat="30.58423" lon="-9.59224">
    <name>TP1481</name>
  </trkpt>
  <trkpt lat="30.58435" lon="-9.59226">
    <name>TP1482</name>
  </trkpt>
  <trkpt lat="30.58436" lon="-9.59226">
    <name>TP1483</name>
  </trkpt>
  <trkpt lat="30.58445" lon="-9.5923">
    <name>TP1484</name>
  </trkpt>
  <trkpt lat="30.58452" lon="-9.59236">
    <name>TP1485</name>
  </trkpt>
  <trkpt lat="30.58458" lon="-9.59246">
    <name>TP1486</name>
  </trkpt>
  <trkpt lat="30.58468" lon="-9.59269">
    <name>TP1487</name>
  </trkpt>
  <trkpt lat="30.58483" lon="-9.59301">
    <name>TP1488</name>
  </trkpt>
  <trkpt lat="30.5849" lon="-9.59313">
    <name>TP1489</name>
  </trkpt>
  <trkpt lat="30.585" lon="-9.59323">
    <name>TP1490</name>
  </trkpt>
  <trkpt lat="30.58511" lon="-9.59336">
    <name>TP1491</name>
  </trkpt>
  <trkpt lat="30.58512" lon="-9.59339">
    <name>TP1492</name>
  </trkpt>
  <trkpt lat="30.58519" lon="-9.59351">
    <name>TP1493</name>
  </trkpt>
  <trkpt lat="30.58521" lon="-9.59357">
    <name>TP1494</name>
  </trkpt>
  <trkpt lat="30.58525" lon="-9.59366">
    <name>TP1495</name>
  </trkpt>
  <trkpt lat="30.58531" lon="-9.59375">
    <name>TP1496</name>
  </trkpt>
  <trkpt lat="30.58534" lon="-9.5938">
    <name>TP1497</name>
  </trkpt>
  <trkpt lat="30.58542" lon="-9.59388">
    <name>TP1498</name>
  </trkpt>
  <trkpt lat="30.58543" lon="-9.59389">
    <name>TP1499</name>
  </trkpt>
  <trkpt lat="30.58554" lon="-9.59396">
    <name>TP1500</name>
  </trkpt>
  <trkpt lat="30.58576" lon="-9.59407">
    <name>TP1501</name>
  </trkpt>
  <trkpt lat="30.58582" lon="-9.59411">
    <name>TP1502</name>
  </trkpt>
  <trkpt lat="30.58591" lon="-9.59418">
    <name>TP1503</name>
  </trkpt>
  <trkpt lat="30.58592" lon="-9.59419">
    <name>TP1504</name>
  </trkpt>
  <trkpt lat="30.58597" lon="-9.59426">
    <name>TP1505</name>
  </trkpt>
  <trkpt lat="30.58601" lon="-9.59435">
    <name>TP1506</name>
  </trkpt>
  <trkpt lat="30.58603" lon="-9.59439">
    <name>TP1507</name>
  </trkpt>
  <trkpt lat="30.58609" lon="-9.59451">
    <name>TP1508</name>
  </trkpt>
  <trkpt lat="30.5861" lon="-9.59453">
    <name>TP1509</name>
  </trkpt>
  <trkpt lat="30.58616" lon="-9.5946">
    <name>TP1510</name>
  </trkpt>
  <trkpt lat="30.58621" lon="-9.59467">
    <name>TP1511</name>
  </trkpt>
  <trkpt lat="30.58622" lon="-9.59468">
    <name>TP1512</name>
  </trkpt>
  <trkpt lat="30.58628" lon="-9.59474">
    <name>TP1513</name>
  </trkpt>
  <trkpt lat="30.58633" lon="-9.59481">
    <name>TP1514</name>
  </trkpt>
  <trkpt lat="30.58639" lon="-9.59493">
    <name>TP1515</name>
  </trkpt>
  <trkpt lat="30.58646" lon="-9.59508">
    <name>TP1516</name>
  </trkpt>
  <trkpt lat="30.58653" lon="-9.5952">
    <name>TP1517</name>
  </trkpt>
  <trkpt lat="30.58663" lon="-9.59534">
    <name>TP1518</name>
  </trkpt>
  <trkpt lat="30.58673" lon="-9.5955">
    <name>TP1519</name>
  </trkpt>
  <trkpt lat="30.5868" lon="-9.59565">
    <name>TP1520</name>
  </trkpt>
  <trkpt lat="30.58684" lon="-9.59583">
    <name>TP1521</name>
  </trkpt>
  <trkpt lat="30.58686" lon="-9.59593">
    <name>TP1522</name>
  </trkpt>
  <trkpt lat="30.58688" lon="-9.59606">
    <name>TP1523</name>
  </trkpt>
  <trkpt lat="30.58693" lon="-9.59617">
    <name>TP1524</name>
  </trkpt>
  <trkpt lat="30.58698" lon="-9.59632">
    <name>TP1525</name>
  </trkpt>
  <trkpt lat="30.58701" lon="-9.59646">
    <name>TP1526</name>
  </trkpt>
  <trkpt lat="30.58701" lon="-9.59652">
    <name>TP1527</name>
  </trkpt>
  <trkpt lat="30.58701" lon="-9.59664">
    <name>TP1528</name>
  </trkpt>
  <trkpt lat="30.58698" lon="-9.5969">
    <name>TP1529</name>
  </trkpt>
  <trkpt lat="30.58696" lon="-9.59709">
    <name>TP1530</name>
  </trkpt>
  <trkpt lat="30.58693" lon="-9.59722">
    <name>TP1531</name>
  </trkpt>
  <trkpt lat="30.5869" lon="-9.59737">
    <name>TP1532</name>
  </trkpt>
  <trkpt lat="30.58689" lon="-9.59757">
    <name>TP1533</name>
  </trkpt>
  <trkpt lat="30.58689" lon="-9.59786">
    <name>TP1534</name>
  </trkpt>
  <trkpt lat="30.5869" lon="-9.59797">
    <name>TP1535</name>
  </trkpt>
  <trkpt lat="30.5869" lon="-9.5981">
    <name>TP1536</name>
  </trkpt>
  <trkpt lat="30.58689" lon="-9.59823">
    <name>TP1537</name>
  </trkpt>
  <trkpt lat="30.58686" lon="-9.59836">
    <name>TP1538</name>
  </trkpt>
  <trkpt lat="30.5868" lon="-9.59852">
    <name>TP1539</name>
  </trkpt>
  <trkpt lat="30.58678" lon="-9.59857">
    <name>TP1540</name>
  </trkpt>
  <trkpt lat="30.58676" lon="-9.59863">
    <name>TP1541</name>
  </trkpt>
  <trkpt lat="30.58677" lon="-9.5987">
    <name>TP1542</name>
  </trkpt>
  <trkpt lat="30.58681" lon="-9.59874">
    <name>TP1543</name>
  </trkpt>
  <trkpt lat="30.58687" lon="-9.59877">
    <name>TP1544</name>
  </trkpt>
  <trkpt lat="30.58697" lon="-9.59875">
    <name>TP1545</name>
  </trkpt>
  <trkpt lat="30.5871" lon="-9.59872">
    <name>TP1546</name>
  </trkpt>
  <trkpt lat="30.58717" lon="-9.59871">
    <name>TP1547</name>
  </trkpt>
  <trkpt lat="30.58725" lon="-9.5987">
    <name>TP1548</name>
  </trkpt>
  <trkpt lat="30.58735" lon="-9.5987">
    <name>TP1549</name>
  </trkpt>
  <trkpt lat="30.58746" lon="-9.59871">
    <name>TP1550</name>
  </trkpt>
  <trkpt lat="30.58756" lon="-9.59872">
    <name>TP1551</name>
  </trkpt>
  <trkpt lat="30.58766" lon="-9.59876">
    <name>TP1552</name>
  </trkpt>
  <trkpt lat="30.58778" lon="-9.59888">
    <name>TP1553</name>
  </trkpt>
  <trkpt lat="30.58794" lon="-9.59904">
    <name>TP1554</name>
  </trkpt>
  <trkpt lat="30.58804" lon="-9.59918">
    <name>TP1555</name>
  </trkpt>
  <trkpt lat="30.58811" lon="-9.5993">
    <name>TP1556</name>
  </trkpt>
  <trkpt lat="30.58818" lon="-9.59937">
    <name>TP1557</name>
  </trkpt>
  <trkpt lat="30.58828" lon="-9.59943">
    <name>TP1558</name>
  </trkpt>
  <trkpt lat="30.58836" lon="-9.59952">
    <name>TP1559</name>
  </trkpt>
  <trkpt lat="30.58846" lon="-9.59964">
    <name>TP1560</name>
  </trkpt>
  <trkpt lat="30.58855" lon="-9.59976">
    <name>TP1561</name>
  </trkpt>
  <trkpt lat="30.58859" lon="-9.59981">
    <name>TP1562</name>
  </trkpt>
  <trkpt lat="30.58872" lon="-9.59996">
    <name>TP1563</name>
  </trkpt>
  <trkpt lat="30.58894" lon="-9.60019">
    <name>TP1564</name>
  </trkpt>
  <trkpt lat="30.58898" lon="-9.60024">
    <name>TP1565</name>
  </trkpt>
  <trkpt lat="30.5891" lon="-9.60039">
    <name>TP1566</name>
  </trkpt>
  <trkpt lat="30.58912" lon="-9.60041">
    <name>TP1567</name>
  </trkpt>
  <trkpt lat="30.58916" lon="-9.60043">
    <name>TP1568</name>
  </trkpt>
  <trkpt lat="30.58929" lon="-9.60051">
    <name>TP1569</name>
  </trkpt>
  <trkpt lat="30.58938" lon="-9.60058">
    <name>TP1570</name>
  </trkpt>
  <trkpt lat="30.58941" lon="-9.60061">
    <name>TP1571</name>
  </trkpt>
  <trkpt lat="30.58948" lon="-9.60069">
    <name>TP1572</name>
  </trkpt>
  <trkpt lat="30.58956" lon="-9.60083">
    <name>TP1573</name>
  </trkpt>
  <trkpt lat="30.58965" lon="-9.60102">
    <name>TP1574</name>
  </trkpt>
  <trkpt lat="30.5897" lon="-9.60113">
    <name>TP1575</name>
  </trkpt>
  <trkpt lat="30.58987" lon="-9.60145">
    <name>TP1576</name>
  </trkpt>
  <trkpt lat="30.58993" lon="-9.60159">
    <name>TP1577</name>
  </trkpt>
  <trkpt lat="30.58995" lon="-9.60171">
    <name>TP1578</name>
  </trkpt>
  <trkpt lat="30.58995" lon="-9.60184">
    <name>TP1579</name>
  </trkpt>
  <trkpt lat="30.58994" lon="-9.6019">
    <name>TP1580</name>
  </trkpt>
  <trkpt lat="30.58994" lon="-9.60196">
    <name>TP1581</name>
  </trkpt>
  <trkpt lat="30.58994" lon="-9.60202">
    <name>TP1582</name>
  </trkpt>
  <trkpt lat="30.58995" lon="-9.60208">
    <name>TP1583</name>
  </trkpt>
  <trkpt lat="30.58995" lon="-9.6021">
    <name>TP1584</name>
  </trkpt>
  <trkpt lat="30.58999" lon="-9.60218">
    <name>TP1585</name>
  </trkpt>
  <trkpt lat="30.59004" lon="-9.60229">
    <name>TP1586</name>
  </trkpt>
  <trkpt lat="30.59006" lon="-9.60233">
    <name>TP1587</name>
  </trkpt>
  <trkpt lat="30.59011" lon="-9.60243">
    <name>TP1588</name>
  </trkpt>
  <trkpt lat="30.59019" lon="-9.60252">
    <name>TP1589</name>
  </trkpt>
  <trkpt lat="30.59027" lon="-9.60261">
    <name>TP1590</name>
  </trkpt>
  <trkpt lat="30.59033" lon="-9.60271">
    <name>TP1591</name>
  </trkpt>
  <trkpt lat="30.59037" lon="-9.6028">
    <name>TP1592</name>
  </trkpt>
  <trkpt lat="30.59036" lon="-9.6029">
    <name>TP1593</name>
  </trkpt>
  <trkpt lat="30.59032" lon="-9.60298">
    <name>TP1594</name>
  </trkpt>
  <trkpt lat="30.59025" lon="-9.60305">
    <name>TP1595</name>
  </trkpt>
  <trkpt lat="30.59021" lon="-9.60312">
    <name>TP1596</name>
  </trkpt>
  <trkpt lat="30.59019" lon="-9.60317">
    <name>TP1597</name>
  </trkpt>
  <trkpt lat="30.59021" lon="-9.60325">
    <name>TP1598</name>
  </trkpt>
  <trkpt lat="30.59025" lon="-9.60333">
    <name>TP1599</name>
  </trkpt>
  <trkpt lat="30.59028" lon="-9.60339">
    <name>TP1600</name>
  </trkpt>
  <trkpt lat="30.59034" lon="-9.6035">
    <name>TP1601</name>
  </trkpt>
  <trkpt lat="30.59037" lon="-9.60358">
    <name>TP1602</name>
  </trkpt>
  <trkpt lat="30.59036" lon="-9.60365">
    <name>TP1603</name>
  </trkpt>
  <trkpt lat="30.59033" lon="-9.6037">
    <name>TP1604</name>
  </trkpt>
  <trkpt lat="30.59031" lon="-9.60373">
    <name>TP1605</name>
  </trkpt>
  <trkpt lat="30.59032" lon="-9.60387">
    <name>TP1606</name>
  </trkpt>
  <trkpt lat="30.59031" lon="-9.60386">
    <name>TP1607</name>
  </trkpt>
  <trkpt lat="30.59022" lon="-9.60379">
    <name>TP1608</name>
  </trkpt>
  <trkpt lat="30.59017" lon="-9.60384">
    <name>TP1609</name>
  </trkpt>
  <trkpt lat="30.59014" lon="-9.60406">
    <name>TP1610</name>
  </trkpt>
  <trkpt lat="30.59006" lon="-9.6042">
    <name>TP1611</name>
  </trkpt>
  <trkpt lat="30.59004" lon="-9.60423">
    <name>TP1612</name>
  </trkpt>
  <trkpt lat="30.58994" lon="-9.60435">
    <name>TP1613</name>
  </trkpt>
  <trkpt lat="30.58977" lon="-9.6045">
    <name>TP1614</name>
  </trkpt>
  <trkpt lat="30.58972" lon="-9.60453">
    <name>TP1615</name>
  </trkpt>
  <trkpt lat="30.58972" lon="-9.60466">
    <name>TP1616</name>
  </trkpt>
  <trkpt lat="30.58974" lon="-9.60467">
    <name>TP1617</name>
  </trkpt>
  <trkpt lat="30.58978" lon="-9.60469">
    <name>TP1618</name>
  </trkpt>
  <trkpt lat="30.58992" lon="-9.60468">
    <name>TP1619</name>
  </trkpt>
  <trkpt lat="30.59022" lon="-9.60459">
    <name>TP1620</name>
  </trkpt>
  <trkpt lat="30.59026" lon="-9.60459">
    <name>TP1621</name>
  </trkpt>
  <trkpt lat="30.59038" lon="-9.60459">
    <name>TP1622</name>
  </trkpt>
  <trkpt lat="30.59044" lon="-9.6046">
    <name>TP1623</name>
  </trkpt>
  <trkpt lat="30.59053" lon="-9.60462">
    <name>TP1624</name>
  </trkpt>
  <trkpt lat="30.59057" lon="-9.60466">
    <name>TP1625</name>
  </trkpt>
  <trkpt lat="30.59054" lon="-9.60469">
    <name>TP1626</name>
  </trkpt>
  <trkpt lat="30.5905" lon="-9.60474">
    <name>TP1627</name>
  </trkpt>
  <trkpt lat="30.5904" lon="-9.60481">
    <name>TP1628</name>
  </trkpt>
  <trkpt lat="30.59037" lon="-9.60483">
    <name>TP1629</name>
  </trkpt>
  <trkpt lat="30.59028" lon="-9.60492">
    <name>TP1630</name>
  </trkpt>
  <trkpt lat="30.59008" lon="-9.60501">
    <name>TP1631</name>
  </trkpt>
  <trkpt lat="30.59006" lon="-9.60502">
    <name>TP1632</name>
  </trkpt>
  <trkpt lat="30.58994" lon="-9.60513">
    <name>TP1633</name>
  </trkpt>
  <trkpt lat="30.58988" lon="-9.60518">
    <name>TP1634</name>
  </trkpt>
  <trkpt lat="30.58979" lon="-9.60524">
    <name>TP1635</name>
  </trkpt>
  <trkpt lat="30.5897" lon="-9.6053">
    <name>TP1636</name>
  </trkpt>
  <trkpt lat="30.5896" lon="-9.60541">
    <name>TP1637</name>
  </trkpt>
  <trkpt lat="30.58947" lon="-9.6056">
    <name>TP1638</name>
  </trkpt>
  <trkpt lat="30.58932" lon="-9.60564">
    <name>TP1639</name>
  </trkpt>
  <trkpt lat="30.58914" lon="-9.60562">
    <name>TP1640</name>
  </trkpt>
  <trkpt lat="30.58905" lon="-9.60554">
    <name>TP1641</name>
  </trkpt>
  <trkpt lat="30.58898" lon="-9.60547">
    <name>TP1642</name>
  </trkpt>
  <trkpt lat="30.58888" lon="-9.60539">
    <name>TP1643</name>
  </trkpt>
  <trkpt lat="30.5888" lon="-9.60547">
    <name>TP1644</name>
  </trkpt>
  <trkpt lat="30.58878" lon="-9.60552">
    <name>TP1645</name>
  </trkpt>
  <trkpt lat="30.58873" lon="-9.60568">
    <name>TP1646</name>
  </trkpt>
  <trkpt lat="30.58873" lon="-9.60572">
    <name>TP1647</name>
  </trkpt>
  <trkpt lat="30.58872" lon="-9.60581">
    <name>TP1648</name>
  </trkpt>
  <trkpt lat="30.58882" lon="-9.60601">
    <name>TP1649</name>
  </trkpt>
  <trkpt lat="30.58879" lon="-9.60619">
    <name>TP1650</name>
  </trkpt>
  <trkpt lat="30.58871" lon="-9.6064">
    <name>TP1651</name>
  </trkpt>
  <trkpt lat="30.58867" lon="-9.60648">
    <name>TP1652</name>
  </trkpt>
  <trkpt lat="30.5886" lon="-9.60664">
    <name>TP1653</name>
  </trkpt>
  <trkpt lat="30.58861" lon="-9.60667">
    <name>TP1654</name>
  </trkpt>
  <trkpt lat="30.58862" lon="-9.60672">
    <name>TP1655</name>
  </trkpt>
  <trkpt lat="30.5887" lon="-9.60691">
    <name>TP1656</name>
  </trkpt>
  <trkpt lat="30.58872" lon="-9.60709">
    <name>TP1657</name>
  </trkpt>
  <trkpt lat="30.5887" lon="-9.60726">
    <name>TP1658</name>
  </trkpt>
  <trkpt lat="30.58857" lon="-9.60769">
    <name>TP1659</name>
  </trkpt>
  <trkpt lat="30.58857" lon="-9.60776">
    <name>TP1660</name>
  </trkpt>
  <trkpt lat="30.58857" lon="-9.60804">
    <name>TP1661</name>
  </trkpt>
  <trkpt lat="30.5886" lon="-9.60815">
    <name>TP1662</name>
  </trkpt>
  <trkpt lat="30.58866" lon="-9.6083">
    <name>TP1663</name>
  </trkpt>
  <trkpt lat="30.58873" lon="-9.60839">
    <name>TP1664</name>
  </trkpt>
  <trkpt lat="30.58877" lon="-9.60846">
    <name>TP1665</name>
  </trkpt>
  <trkpt lat="30.5888" lon="-9.60849">
    <name>TP1666</name>
  </trkpt>
  <trkpt lat="30.58886" lon="-9.60861">
    <name>TP1667</name>
  </trkpt>
  <trkpt lat="30.58886" lon="-9.60862">
    <name>TP1668</name>
  </trkpt>
  <trkpt lat="30.58888" lon="-9.60873">
    <name>TP1669</name>
  </trkpt>
  <trkpt lat="30.58888" lon="-9.60887">
    <name>TP1670</name>
  </trkpt>
  <trkpt lat="30.58889" lon="-9.60898">
    <name>TP1671</name>
  </trkpt>
  <trkpt lat="30.58889" lon="-9.60902">
    <name>TP1672</name>
  </trkpt>
  <trkpt lat="30.5889" lon="-9.60923">
    <name>TP1673</name>
  </trkpt>
  <trkpt lat="30.58893" lon="-9.60937">
    <name>TP1674</name>
  </trkpt>
  <trkpt lat="30.58896" lon="-9.60948">
    <name>TP1675</name>
  </trkpt>
  <trkpt lat="30.58901" lon="-9.60952">
    <name>TP1676</name>
  </trkpt>
  <trkpt lat="30.58903" lon="-9.60954">
    <name>TP1677</name>
  </trkpt>
  <trkpt lat="30.58907" lon="-9.60957">
    <name>TP1678</name>
  </trkpt>
  <trkpt lat="30.58913" lon="-9.60963">
    <name>TP1679</name>
  </trkpt>
  <trkpt lat="30.58916" lon="-9.60968">
    <name>TP1680</name>
  </trkpt>
  <trkpt lat="30.58917" lon="-9.6097">
    <name>TP1681</name>
  </trkpt>
  <trkpt lat="30.58918" lon="-9.60979">
    <name>TP1682</name>
  </trkpt>
  <trkpt lat="30.58918" lon="-9.61015">
    <name>TP1683</name>
  </trkpt>
  <trkpt lat="30.58918" lon="-9.61016">
    <name>TP1684</name>
  </trkpt>
  <trkpt lat="30.5892" lon="-9.6104">
    <name>TP1685</name>
  </trkpt>
  <trkpt lat="30.58921" lon="-9.6105">
    <name>TP1686</name>
  </trkpt>
  <trkpt lat="30.58928" lon="-9.61063">
    <name>TP1687</name>
  </trkpt>
  <trkpt lat="30.58928" lon="-9.61068">
    <name>TP1688</name>
  </trkpt>
  <trkpt lat="30.58927" lon="-9.61069">
    <name>TP1689</name>
  </trkpt>
  <trkpt lat="30.58926" lon="-9.6107">
    <name>TP1690</name>
  </trkpt>
  <trkpt lat="30.58921" lon="-9.61069">
    <name>TP1691</name>
  </trkpt>
  <trkpt lat="30.58918" lon="-9.61066">
    <name>TP1692</name>
  </trkpt>
  <trkpt lat="30.58914" lon="-9.61062">
    <name>TP1693</name>
  </trkpt>
  <trkpt lat="30.58912" lon="-9.6106">
    <name>TP1694</name>
  </trkpt>
  <trkpt lat="30.58906" lon="-9.61054">
    <name>TP1695</name>
  </trkpt>
  <trkpt lat="30.58902" lon="-9.61053">
    <name>TP1696</name>
  </trkpt>
  <trkpt lat="30.58898" lon="-9.61056">
    <name>TP1697</name>
  </trkpt>
  <trkpt lat="30.58899" lon="-9.61066">
    <name>TP1698</name>
  </trkpt>
  <trkpt lat="30.58901" lon="-9.61073">
    <name>TP1699</name>
  </trkpt>
  <trkpt lat="30.58901" lon="-9.61078">
    <name>TP1700</name>
  </trkpt>
  <trkpt lat="30.58901" lon="-9.61084">
    <name>TP1701</name>
  </trkpt>
  <trkpt lat="30.58902" lon="-9.61089">
    <name>TP1702</name>
  </trkpt>
  <trkpt lat="30.58903" lon="-9.61099">
    <name>TP1703</name>
  </trkpt>
  <trkpt lat="30.58903" lon="-9.61102">
    <name>TP1704</name>
  </trkpt>
  <trkpt lat="30.58903" lon="-9.61109">
    <name>TP1705</name>
  </trkpt>
  <trkpt lat="30.58901" lon="-9.61114">
    <name>TP1706</name>
  </trkpt>
  <trkpt lat="30.58899" lon="-9.61119">
    <name>TP1707</name>
  </trkpt>
  <trkpt lat="30.58897" lon="-9.61126">
    <name>TP1708</name>
  </trkpt>
  <trkpt lat="30.58895" lon="-9.61137">
    <name>TP1709</name>
  </trkpt>
  <trkpt lat="30.58895" lon="-9.61145">
    <name>TP1710</name>
  </trkpt>
  <trkpt lat="30.58894" lon="-9.61153">
    <name>TP1711</name>
  </trkpt>
  <trkpt lat="30.58894" lon="-9.61162">
    <name>TP1712</name>
  </trkpt>
  <trkpt lat="30.58893" lon="-9.61176">
    <name>TP1713</name>
  </trkpt>
  <trkpt lat="30.58894" lon="-9.61186">
    <name>TP1714</name>
  </trkpt>
  <trkpt lat="30.58895" lon="-9.61202">
    <name>TP1715</name>
  </trkpt>
  <trkpt lat="30.58896" lon="-9.61207">
    <name>TP1716</name>
  </trkpt>
  <trkpt lat="30.58896" lon="-9.61211">
    <name>TP1717</name>
  </trkpt>
  <trkpt lat="30.58899" lon="-9.61215">
    <name>TP1718</name>
  </trkpt>
  <trkpt lat="30.58903" lon="-9.61219">
    <name>TP1719</name>
  </trkpt>
  <trkpt lat="30.58915" lon="-9.61238">
    <name>TP1720</name>
  </trkpt>
  <trkpt lat="30.58917" lon="-9.61245">
    <name>TP1721</name>
  </trkpt>
  <trkpt lat="30.58919" lon="-9.61256">
    <name>TP1722</name>
  </trkpt>
  <trkpt lat="30.5892" lon="-9.61261">
    <name>TP1723</name>
  </trkpt>
  <trkpt lat="30.58921" lon="-9.61269">
    <name>TP1724</name>
  </trkpt>
  <trkpt lat="30.58924" lon="-9.61276">
    <name>TP1725</name>
  </trkpt>
  <trkpt lat="30.58927" lon="-9.61284">
    <name>TP1726</name>
  </trkpt>
  <trkpt lat="30.58928" lon="-9.6129">
    <name>TP1727</name>
  </trkpt>
  <trkpt lat="30.5893" lon="-9.61296">
    <name>TP1728</name>
  </trkpt>
  <trkpt lat="30.58934" lon="-9.61315">
    <name>TP1729</name>
  </trkpt>
  <trkpt lat="30.58938" lon="-9.61332">
    <name>TP1730</name>
  </trkpt>
  <trkpt lat="30.58942" lon="-9.61337">
    <name>TP1731</name>
  </trkpt>
  <trkpt lat="30.58943" lon="-9.61339">
    <name>TP1732</name>
  </trkpt>
  <trkpt lat="30.58946" lon="-9.61343">
    <name>TP1733</name>
  </trkpt>
  <trkpt lat="30.5895" lon="-9.61352">
    <name>TP1734</name>
  </trkpt>
  <trkpt lat="30.58953" lon="-9.61364">
    <name>TP1735</name>
  </trkpt>
  <trkpt lat="30.58958" lon="-9.61372">
    <name>TP1736</name>
  </trkpt>
  <trkpt lat="30.58964" lon="-9.61378">
    <name>TP1737</name>
  </trkpt>
  <trkpt lat="30.58969" lon="-9.6139">
    <name>TP1738</name>
  </trkpt>
  <trkpt lat="30.58974" lon="-9.61397">
    <name>TP1739</name>
  </trkpt>
  <trkpt lat="30.58985" lon="-9.61405">
    <name>TP1740</name>
  </trkpt>
  <trkpt lat="30.58988" lon="-9.61412">
    <name>TP1741</name>
  </trkpt>
  <trkpt lat="30.58996" lon="-9.61421">
    <name>TP1742</name>
  </trkpt>
  <trkpt lat="30.58998" lon="-9.61423">
    <name>TP1743</name>
  </trkpt>
  <trkpt lat="30.59004" lon="-9.61433">
    <name>TP1744</name>
  </trkpt>
  <trkpt lat="30.59018" lon="-9.61453">
    <name>TP1745</name>
  </trkpt>
  <trkpt lat="30.59022" lon="-9.61467">
    <name>TP1746</name>
  </trkpt>
  <trkpt lat="30.59023" lon="-9.61474">
    <name>TP1747</name>
  </trkpt>
  <trkpt lat="30.59025" lon="-9.61487">
    <name>TP1748</name>
  </trkpt>
  <trkpt lat="30.59028" lon="-9.61509">
    <name>TP1749</name>
  </trkpt>
  <trkpt lat="30.59028" lon="-9.61515">
    <name>TP1750</name>
  </trkpt>
  <trkpt lat="30.59027" lon="-9.61531">
    <name>TP1751</name>
  </trkpt>
  <trkpt lat="30.59026" lon="-9.61547">
    <name>TP1752</name>
  </trkpt>
  <trkpt lat="30.59026" lon="-9.61551">
    <name>TP1753</name>
  </trkpt>
  <trkpt lat="30.59027" lon="-9.61566">
    <name>TP1754</name>
  </trkpt>
  <trkpt lat="30.59028" lon="-9.61578">
    <name>TP1755</name>
  </trkpt>
  <trkpt lat="30.59029" lon="-9.61585">
    <name>TP1756</name>
  </trkpt>
  <trkpt lat="30.5903" lon="-9.61593">
    <name>TP1757</name>
  </trkpt>
  <trkpt lat="30.59035" lon="-9.61605">
    <name>TP1758</name>
  </trkpt>
  <trkpt lat="30.59039" lon="-9.61615">
    <name>TP1759</name>
  </trkpt>
  <trkpt lat="30.59039" lon="-9.6163">
    <name>TP1760</name>
  </trkpt>
  <trkpt lat="30.5904" lon="-9.61638">
    <name>TP1761</name>
  </trkpt>
  <trkpt lat="30.59042" lon="-9.61648">
    <name>TP1762</name>
  </trkpt>
  <trkpt lat="30.59044" lon="-9.61658">
    <name>TP1763</name>
  </trkpt>
  <trkpt lat="30.59046" lon="-9.61673">
    <name>TP1764</name>
  </trkpt>
  <trkpt lat="30.59047" lon="-9.61682">
    <name>TP1765</name>
  </trkpt>
  <trkpt lat="30.59045" lon="-9.61689">
    <name>TP1766</name>
  </trkpt>
  <trkpt lat="30.59041" lon="-9.61699">
    <name>TP1767</name>
  </trkpt>
  <trkpt lat="30.59035" lon="-9.61718">
    <name>TP1768</name>
  </trkpt>
  <trkpt lat="30.59031" lon="-9.6173">
    <name>TP1769</name>
  </trkpt>
  <trkpt lat="30.5903" lon="-9.61736">
    <name>TP1770</name>
  </trkpt>
  <trkpt lat="30.59029" lon="-9.61748">
    <name>TP1771</name>
  </trkpt>
  <trkpt lat="30.59027" lon="-9.61762">
    <name>TP1772</name>
  </trkpt>
  <trkpt lat="30.59023" lon="-9.61779">
    <name>TP1773</name>
  </trkpt>
  <trkpt lat="30.59022" lon="-9.61784">
    <name>TP1774</name>
  </trkpt>
  <trkpt lat="30.59017" lon="-9.61817">
    <name>TP1775</name>
  </trkpt>
  <trkpt lat="30.59017" lon="-9.61827">
    <name>TP1776</name>
  </trkpt>
  <trkpt lat="30.59017" lon="-9.6184">
    <name>TP1777</name>
  </trkpt>
  <trkpt lat="30.59016" lon="-9.61841">
    <name>TP1778</name>
  </trkpt>
  <trkpt lat="30.59014" lon="-9.61848">
    <name>TP1779</name>
  </trkpt>
  <trkpt lat="30.59012" lon="-9.61863">
    <name>TP1780</name>
  </trkpt>
  <trkpt lat="30.59012" lon="-9.61882">
    <name>TP1781</name>
  </trkpt>
  <trkpt lat="30.59012" lon="-9.61884">
    <name>TP1782</name>
  </trkpt>
  <trkpt lat="30.5901" lon="-9.61903">
    <name>TP1783</name>
  </trkpt>
  <trkpt lat="30.59007" lon="-9.61919">
    <name>TP1784</name>
  </trkpt>
  <trkpt lat="30.59006" lon="-9.61923">
    <name>TP1785</name>
  </trkpt>
  <trkpt lat="30.59003" lon="-9.61932">
    <name>TP1786</name>
  </trkpt>
  <trkpt lat="30.5899" lon="-9.61942">
    <name>TP1787</name>
  </trkpt>
  <trkpt lat="30.58982" lon="-9.61949">
    <name>TP1788</name>
  </trkpt>
  <trkpt lat="30.58975" lon="-9.6196">
    <name>TP1789</name>
  </trkpt>
  <trkpt lat="30.58975" lon="-9.61964">
    <name>TP1790</name>
  </trkpt>
  <trkpt lat="30.58976" lon="-9.6197">
    <name>TP1791</name>
  </trkpt>
  <trkpt lat="30.58979" lon="-9.61978">
    <name>TP1792</name>
  </trkpt>
  <trkpt lat="30.5898" lon="-9.61992">
    <name>TP1793</name>
  </trkpt>
  <trkpt lat="30.58985" lon="-9.61999">
    <name>TP1794</name>
  </trkpt>
  <trkpt lat="30.58999" lon="-9.62011">
    <name>TP1795</name>
  </trkpt>
  <trkpt lat="30.59002" lon="-9.62021">
    <name>TP1796</name>
  </trkpt>
  <trkpt lat="30.59004" lon="-9.62027">
    <name>TP1797</name>
  </trkpt>
  <trkpt lat="30.59005" lon="-9.62041">
    <name>TP1798</name>
  </trkpt>
  <trkpt lat="30.59016" lon="-9.62067">
    <name>TP1799</name>
  </trkpt>
  <trkpt lat="30.59016" lon="-9.62084">
    <name>TP1800</name>
  </trkpt>
  <trkpt lat="30.59012" lon="-9.62099">
    <name>TP1801</name>
  </trkpt>
  <trkpt lat="30.59014" lon="-9.62106">
    <name>TP1802</name>
  </trkpt>
  <trkpt lat="30.59024" lon="-9.62108">
    <name>TP1803</name>
  </trkpt>
  <trkpt lat="30.59027" lon="-9.62108">
    <name>TP1804</name>
  </trkpt>
  <trkpt lat="30.59039" lon="-9.62108">
    <name>TP1805</name>
  </trkpt>
  <trkpt lat="30.59041" lon="-9.62115">
    <name>TP1806</name>
  </trkpt>
  <trkpt lat="30.59042" lon="-9.62119">
    <name>TP1807</name>
  </trkpt>
  <trkpt lat="30.59045" lon="-9.62135">
    <name>TP1808</name>
  </trkpt>
  <trkpt lat="30.59047" lon="-9.62146">
    <name>TP1809</name>
  </trkpt>
  <trkpt lat="30.59047" lon="-9.62156">
    <name>TP1810</name>
  </trkpt>
  <trkpt lat="30.59048" lon="-9.62169">
    <name>TP1811</name>
  </trkpt>
  <trkpt lat="30.59048" lon="-9.62176">
    <name>TP1812</name>
  </trkpt>
  <trkpt lat="30.59048" lon="-9.62195">
    <name>TP1813</name>
  </trkpt>
  <trkpt lat="30.59049" lon="-9.62197">
    <name>TP1814</name>
  </trkpt>
  <trkpt lat="30.59054" lon="-9.62245">
    <name>TP1815</name>
  </trkpt>
  <trkpt lat="30.59058" lon="-9.62259">
    <name>TP1816</name>
  </trkpt>
  <trkpt lat="30.59059" lon="-9.62263">
    <name>TP1817</name>
  </trkpt>
  <trkpt lat="30.59063" lon="-9.62274">
    <name>TP1818</name>
  </trkpt>
  <trkpt lat="30.59063" lon="-9.62278">
    <name>TP1819</name>
  </trkpt>
  <trkpt lat="30.59063" lon="-9.62284">
    <name>TP1820</name>
  </trkpt>
  <trkpt lat="30.5906" lon="-9.62297">
    <name>TP1821</name>
  </trkpt>
  <trkpt lat="30.59059" lon="-9.62298">
    <name>TP1822</name>
  </trkpt>
  <trkpt lat="30.59052" lon="-9.62306">
    <name>TP1823</name>
  </trkpt>
  <trkpt lat="30.59046" lon="-9.62313">
    <name>TP1824</name>
  </trkpt>
  <trkpt lat="30.59042" lon="-9.62317">
    <name>TP1825</name>
  </trkpt>
  <trkpt lat="30.59035" lon="-9.62328">
    <name>TP1826</name>
  </trkpt>
  <trkpt lat="30.59034" lon="-9.62329">
    <name>TP1827</name>
  </trkpt>
  <trkpt lat="30.59025" lon="-9.62346">
    <name>TP1828</name>
  </trkpt>
  <trkpt lat="30.59022" lon="-9.6235">
    <name>TP1829</name>
  </trkpt>
  <trkpt lat="30.59013" lon="-9.62363">
    <name>TP1830</name>
  </trkpt>
  <trkpt lat="30.59" lon="-9.62377">
    <name>TP1831</name>
  </trkpt>
  <trkpt lat="30.58994" lon="-9.62384">
    <name>TP1832</name>
  </trkpt>
  <trkpt lat="30.58988" lon="-9.62398">
    <name>TP1833</name>
  </trkpt>
  <trkpt lat="30.58987" lon="-9.62404">
    <name>TP1834</name>
  </trkpt>
  <trkpt lat="30.58992" lon="-9.62412">
    <name>TP1835</name>
  </trkpt>
  <trkpt lat="30.58996" lon="-9.6242">
    <name>TP1836</name>
  </trkpt>
  <trkpt lat="30.58995" lon="-9.62431">
    <name>TP1837</name>
  </trkpt>
  <trkpt lat="30.58994" lon="-9.62435">
    <name>TP1838</name>
  </trkpt>
  <trkpt lat="30.58996" lon="-9.62452">
    <name>TP1839</name>
  </trkpt>
  <trkpt lat="30.58997" lon="-9.62457">
    <name>TP1840</name>
  </trkpt>
  <trkpt lat="30.59" lon="-9.62463">
    <name>TP1841</name>
  </trkpt>
  <trkpt lat="30.59005" lon="-9.62469">
    <name>TP1842</name>
  </trkpt>
  <trkpt lat="30.59012" lon="-9.62476">
    <name>TP1843</name>
  </trkpt>
  <trkpt lat="30.5902" lon="-9.62481">
    <name>TP1844</name>
  </trkpt>
  <trkpt lat="30.59026" lon="-9.62486">
    <name>TP1845</name>
  </trkpt>
  <trkpt lat="30.59033" lon="-9.62495">
    <name>TP1846</name>
  </trkpt>
  <trkpt lat="30.59035" lon="-9.62498">
    <name>TP1847</name>
  </trkpt>
  <trkpt lat="30.59042" lon="-9.62517">
    <name>TP1848</name>
  </trkpt>
  <trkpt lat="30.59048" lon="-9.62533">
    <name>TP1849</name>
  </trkpt>
  <trkpt lat="30.5905" lon="-9.62538">
    <name>TP1850</name>
  </trkpt>
  <trkpt lat="30.59056" lon="-9.62552">
    <name>TP1851</name>
  </trkpt>
  <trkpt lat="30.59061" lon="-9.62564">
    <name>TP1852</name>
  </trkpt>
  <trkpt lat="30.59063" lon="-9.62593">
    <name>TP1853</name>
  </trkpt>
  <trkpt lat="30.59057" lon="-9.62617">
    <name>TP1854</name>
  </trkpt>
  <trkpt lat="30.59053" lon="-9.62633">
    <name>TP1855</name>
  </trkpt>
  <trkpt lat="30.59052" lon="-9.62641">
    <name>TP1856</name>
  </trkpt>
  <trkpt lat="30.59054" lon="-9.62651">
    <name>TP1857</name>
  </trkpt>
  <trkpt lat="30.59057" lon="-9.6266">
    <name>TP1858</name>
  </trkpt>
  <trkpt lat="30.59068" lon="-9.62671">
    <name>TP1859</name>
  </trkpt>
  <trkpt lat="30.59069" lon="-9.62672">
    <name>TP1860</name>
  </trkpt>
  <trkpt lat="30.59077" lon="-9.62689">
    <name>TP1861</name>
  </trkpt>
  <trkpt lat="30.5909" lon="-9.62712">
    <name>TP1862</name>
  </trkpt>
  <trkpt lat="30.59096" lon="-9.62732">
    <name>TP1863</name>
  </trkpt>
  <trkpt lat="30.59103" lon="-9.62744">
    <name>TP1864</name>
  </trkpt>
  <trkpt lat="30.59109" lon="-9.62753">
    <name>TP1865</name>
  </trkpt>
  <trkpt lat="30.59111" lon="-9.62762">
    <name>TP1866</name>
  </trkpt>
  <trkpt lat="30.59113" lon="-9.62769">
    <name>TP1867</name>
  </trkpt>
  <trkpt lat="30.59112" lon="-9.62782">
    <name>TP1868</name>
  </trkpt>
  <trkpt lat="30.59112" lon="-9.62783">
    <name>TP1869</name>
  </trkpt>
  <trkpt lat="30.59106" lon="-9.62797">
    <name>TP1870</name>
  </trkpt>
  <trkpt lat="30.59105" lon="-9.62812">
    <name>TP1871</name>
  </trkpt>
  <trkpt lat="30.59106" lon="-9.62819">
    <name>TP1872</name>
  </trkpt>
  <trkpt lat="30.5911" lon="-9.62828">
    <name>TP1873</name>
  </trkpt>
  <trkpt lat="30.59115" lon="-9.62849">
    <name>TP1874</name>
  </trkpt>
  <trkpt lat="30.59115" lon="-9.62857">
    <name>TP1875</name>
  </trkpt>
  <trkpt lat="30.59114" lon="-9.62863">
    <name>TP1876</name>
  </trkpt>
  <trkpt lat="30.59114" lon="-9.6287">
    <name>TP1877</name>
  </trkpt>
  <trkpt lat="30.59115" lon="-9.62886">
    <name>TP1878</name>
  </trkpt>
  <trkpt lat="30.59115" lon="-9.62898">
    <name>TP1879</name>
  </trkpt>
  <trkpt lat="30.59115" lon="-9.62903">
    <name>TP1880</name>
  </trkpt>
  <trkpt lat="30.59115" lon="-9.62918">
    <name>TP1881</name>
  </trkpt>
  <trkpt lat="30.59115" lon="-9.62919">
    <name>TP1882</name>
  </trkpt>
  <trkpt lat="30.59115" lon="-9.62958">
    <name>TP1883</name>
  </trkpt>
  <trkpt lat="30.59113" lon="-9.62972">
    <name>TP1884</name>
  </trkpt>
  <trkpt lat="30.5911" lon="-9.6298">
    <name>TP1885</name>
  </trkpt>
  <trkpt lat="30.59109" lon="-9.62985">
    <name>TP1886</name>
  </trkpt>
  <trkpt lat="30.59102" lon="-9.62998">
    <name>TP1887</name>
  </trkpt>
  <trkpt lat="30.59102" lon="-9.62999">
    <name>TP1888</name>
  </trkpt>
  <trkpt lat="30.591" lon="-9.63004">
    <name>TP1889</name>
  </trkpt>
  <trkpt lat="30.59098" lon="-9.6302">
    <name>TP1890</name>
  </trkpt>
  <trkpt lat="30.59098" lon="-9.63024">
    <name>TP1891</name>
  </trkpt>
  <trkpt lat="30.59095" lon="-9.63042">
    <name>TP1892</name>
  </trkpt>
  <trkpt lat="30.59091" lon="-9.63054">
    <name>TP1893</name>
  </trkpt>
  <trkpt lat="30.59086" lon="-9.63063">
    <name>TP1894</name>
  </trkpt>
  <trkpt lat="30.59078" lon="-9.63066">
    <name>TP1895</name>
  </trkpt>
  <trkpt lat="30.59074" lon="-9.63069">
    <name>TP1896</name>
  </trkpt>
  <trkpt lat="30.59073" lon="-9.6307">
    <name>TP1897</name>
  </trkpt>
  <trkpt lat="30.59066" lon="-9.63077">
    <name>TP1898</name>
  </trkpt>
  <trkpt lat="30.59065" lon="-9.63087">
    <name>TP1899</name>
  </trkpt>
  <trkpt lat="30.59068" lon="-9.631">
    <name>TP1900</name>
  </trkpt>
  <trkpt lat="30.59067" lon="-9.63115">
    <name>TP1901</name>
  </trkpt>
  <trkpt lat="30.59065" lon="-9.63126">
    <name>TP1902</name>
  </trkpt>
  <trkpt lat="30.59065" lon="-9.63127">
    <name>TP1903</name>
  </trkpt>
  <trkpt lat="30.59064" lon="-9.6313">
    <name>TP1904</name>
  </trkpt>
  <trkpt lat="30.5906" lon="-9.63145">
    <name>TP1905</name>
  </trkpt>
  <trkpt lat="30.59062" lon="-9.63155">
    <name>TP1906</name>
  </trkpt>
  <trkpt lat="30.59062" lon="-9.63164">
    <name>TP1907</name>
  </trkpt>
  <trkpt lat="30.59061" lon="-9.63167">
    <name>TP1908</name>
  </trkpt>
  <trkpt lat="30.5906" lon="-9.63167">
    <name>TP1909</name>
  </trkpt>
  <trkpt lat="30.59058" lon="-9.63171">
    <name>TP1910</name>
  </trkpt>
  <trkpt lat="30.59057" lon="-9.63182">
    <name>TP1911</name>
  </trkpt>
  <trkpt lat="30.5906" lon="-9.63187">
    <name>TP1912</name>
  </trkpt>
  <trkpt lat="30.59062" lon="-9.6319">
    <name>TP1913</name>
  </trkpt>
  <trkpt lat="30.59084" lon="-9.63218">
    <name>TP1914</name>
  </trkpt>
  <trkpt lat="30.59086" lon="-9.63228">
    <name>TP1915</name>
  </trkpt>
  <trkpt lat="30.59084" lon="-9.63237">
    <name>TP1916</name>
  </trkpt>
  <trkpt lat="30.59084" lon="-9.63238">
    <name>TP1917</name>
  </trkpt>
  <trkpt lat="30.59077" lon="-9.63256">
    <name>TP1918</name>
  </trkpt>
  <trkpt lat="30.59075" lon="-9.6326">
    <name>TP1919</name>
  </trkpt>
  <trkpt lat="30.59073" lon="-9.63277">
    <name>TP1920</name>
  </trkpt>
  <trkpt lat="30.59072" lon="-9.63278">
    <name>TP1921</name>
  </trkpt>
  <trkpt lat="30.59072" lon="-9.63283">
    <name>TP1922</name>
  </trkpt>
  <trkpt lat="30.59072" lon="-9.63298">
    <name>TP1923</name>
  </trkpt>
  <trkpt lat="30.59072" lon="-9.63306">
    <name>TP1924</name>
  </trkpt>
  <trkpt lat="30.59073" lon="-9.63321">
    <name>TP1925</name>
  </trkpt>
  <trkpt lat="30.59073" lon="-9.63328">
    <name>TP1926</name>
  </trkpt>
  <trkpt lat="30.5907" lon="-9.63336">
    <name>TP1927</name>
  </trkpt>
  <trkpt lat="30.59065" lon="-9.6335">
    <name>TP1928</name>
  </trkpt>
  <trkpt lat="30.59064" lon="-9.63359">
    <name>TP1929</name>
  </trkpt>
  <trkpt lat="30.59068" lon="-9.63373">
    <name>TP1930</name>
  </trkpt>
  <trkpt lat="30.59068" lon="-9.63382">
    <name>TP1931</name>
  </trkpt>
  <trkpt lat="30.59065" lon="-9.63392">
    <name>TP1932</name>
  </trkpt>
  <trkpt lat="30.59062" lon="-9.63399">
    <name>TP1933</name>
  </trkpt>
  <trkpt lat="30.59053" lon="-9.63419">
    <name>TP1934</name>
  </trkpt>
  <trkpt lat="30.5905" lon="-9.6343">
    <name>TP1935</name>
  </trkpt>
  <trkpt lat="30.59052" lon="-9.63436">
    <name>TP1936</name>
  </trkpt>
  <trkpt lat="30.59052" lon="-9.63437">
    <name>TP1937</name>
  </trkpt>
  <trkpt lat="30.59056" lon="-9.63447">
    <name>TP1938</name>
  </trkpt>
  <trkpt lat="30.59058" lon="-9.63455">
    <name>TP1939</name>
  </trkpt>
  <trkpt lat="30.59055" lon="-9.63466">
    <name>TP1940</name>
  </trkpt>
  <trkpt lat="30.59055" lon="-9.63475">
    <name>TP1941</name>
  </trkpt>
  <trkpt lat="30.59056" lon="-9.63477">
    <name>TP1942</name>
  </trkpt>
  <trkpt lat="30.59061" lon="-9.63493">
    <name>TP1943</name>
  </trkpt>
  <trkpt lat="30.59063" lon="-9.63497">
    <name>TP1944</name>
  </trkpt>
  <trkpt lat="30.5907" lon="-9.63515">
    <name>TP1945</name>
  </trkpt>
  <trkpt lat="30.59069" lon="-9.63529">
    <name>TP1946</name>
  </trkpt>
  <trkpt lat="30.59068" lon="-9.63537">
    <name>TP1947</name>
  </trkpt>
  <trkpt lat="30.59068" lon="-9.6354">
    <name>TP1948</name>
  </trkpt>
  <trkpt lat="30.59068" lon="-9.63556">
    <name>TP1949</name>
  </trkpt>
  <trkpt lat="30.59068" lon="-9.63584">
    <name>TP1950</name>
  </trkpt>
  <trkpt lat="30.59072" lon="-9.63604">
    <name>TP1951</name>
  </trkpt>
  <trkpt lat="30.59075" lon="-9.63619">
    <name>TP1952</name>
  </trkpt>
  <trkpt lat="30.59076" lon="-9.63622">
    <name>TP1953</name>
  </trkpt>
  <trkpt lat="30.59075" lon="-9.63634">
    <name>TP1954</name>
  </trkpt>
  <trkpt lat="30.59073" lon="-9.6364">
    <name>TP1955</name>
  </trkpt>
  <trkpt lat="30.59069" lon="-9.6365">
    <name>TP1956</name>
  </trkpt>
  <trkpt lat="30.59063" lon="-9.63657">
    <name>TP1957</name>
  </trkpt>
  <trkpt lat="30.59059" lon="-9.63661">
    <name>TP1958</name>
  </trkpt>
  <trkpt lat="30.59044" lon="-9.63678">
    <name>TP1959</name>
  </trkpt>
  <trkpt lat="30.59037" lon="-9.63687">
    <name>TP1960</name>
  </trkpt>
  <trkpt lat="30.59027" lon="-9.63699">
    <name>TP1961</name>
  </trkpt>
  <trkpt lat="30.59025" lon="-9.63701">
    <name>TP1962</name>
  </trkpt>
  <trkpt lat="30.5902481" lon="-9.6370095">
    <name>TP1963</name>
  </trkpt>
  <trkpt lat="30.59024" lon="-9.63707">
    <name>TP1964</name>
  </trkpt>
  <trkpt lat="30.59023" lon="-9.63708">
    <name>TP1965</name>
  </trkpt>
  <trkpt lat="30.59023" lon="-9.6371">
    <name>TP1966</name>
  </trkpt>
  <trkpt lat="30.59024" lon="-9.63712">
    <name>TP1967</name>
  </trkpt>
  <trkpt lat="30.59025" lon="-9.63714">
    <name>TP1968</name>
  </trkpt>
  <trkpt lat="30.59025" lon="-9.63715">
    <name>TP1969</name>
  </trkpt>
  <trkpt lat="30.59026" lon="-9.63715">
    <name>TP1970</name>
  </trkpt>
  <trkpt lat="30.59027" lon="-9.63716">
    <name>TP1971</name>
  </trkpt>
  <trkpt lat="30.59029" lon="-9.63716">
    <name>TP1972</name>
  </trkpt>
  <trkpt lat="30.59032" lon="-9.63717">
    <name>TP1973</name>
  </trkpt>
  <trkpt lat="30.59037" lon="-9.63716">
    <name>TP1974</name>
  </trkpt>
  <trkpt lat="30.59042" lon="-9.63713">
    <name>TP1975</name>
  </trkpt>
  <trkpt lat="30.59047" lon="-9.63711">
    <name>TP1976</name>
  </trkpt>
  <trkpt lat="30.59048" lon="-9.6371">
    <name>TP1977</name>
  </trkpt>
  <trkpt lat="30.59053" lon="-9.63708">
    <name>TP1978</name>
  </trkpt>
  <trkpt lat="30.59059" lon="-9.63707">
    <name>TP1979</name>
  </trkpt>
  <trkpt lat="30.59067" lon="-9.63706">
    <name>TP1980</name>
  </trkpt>
  <trkpt lat="30.59076" lon="-9.63706">
    <name>TP1981</name>
  </trkpt>
  <trkpt lat="30.59086" lon="-9.63706">
    <name>TP1982</name>
  </trkpt>
  <trkpt lat="30.59098" lon="-9.63708">
    <name>TP1983</name>
  </trkpt>
  <trkpt lat="30.59116" lon="-9.63714">
    <name>TP1984</name>
  </trkpt>
  <trkpt lat="30.59117" lon="-9.63714">
    <name>TP1985</name>
  </trkpt>
  <trkpt lat="30.59138" lon="-9.6372">
    <name>TP1986</name>
  </trkpt>
  <trkpt lat="30.59142" lon="-9.63723">
    <name>TP1987</name>
  </trkpt>
  <trkpt lat="30.59144" lon="-9.63726">
    <name>TP1988</name>
  </trkpt>
  <trkpt lat="30.59146" lon="-9.63728">
    <name>TP1989</name>
  </trkpt>
  <trkpt lat="30.59147" lon="-9.63731">
    <name>TP1990</name>
  </trkpt>
  <trkpt lat="30.59148" lon="-9.63732">
    <name>TP1991</name>
  </trkpt>
  <trkpt lat="30.59148" lon="-9.63734">
    <name>TP1992</name>
  </trkpt>
  <trkpt lat="30.59147" lon="-9.63734">
    <name>TP1993</name>
  </trkpt>
  <trkpt lat="30.59147" lon="-9.63735">
    <name>TP1994</name>
  </trkpt>
  <trkpt lat="30.59145" lon="-9.63737">
    <name>TP1995</name>
  </trkpt>
  <trkpt lat="30.59143" lon="-9.63738">
    <name>TP1996</name>
  </trkpt>
  <trkpt lat="30.59141" lon="-9.63739">
    <name>TP1997</name>
  </trkpt>
  <trkpt lat="30.59133" lon="-9.6374">
    <name>TP1998</name>
  </trkpt>
  <trkpt lat="30.59119" lon="-9.63742">
    <name>TP1999</name>
  </trkpt>
  <trkpt lat="30.59111" lon="-9.63745">
    <name>TP2000</name>
  </trkpt>
  <trkpt lat="30.59101" lon="-9.63752">
    <name>TP2001</name>
  </trkpt>
  <trkpt lat="30.59081" lon="-9.63771">
    <name>TP2002</name>
  </trkpt>
  <trkpt lat="30.5907" lon="-9.63779">
    <name>TP2003</name>
  </trkpt>
  <trkpt lat="30.59066" lon="-9.63783">
    <name>TP2004</name>
  </trkpt>
  <trkpt lat="30.59046" lon="-9.63797">
    <name>TP2005</name>
  </trkpt>
  <trkpt lat="30.59036" lon="-9.63807">
    <name>TP2006</name>
  </trkpt>
  <trkpt lat="30.59028" lon="-9.63821">
    <name>TP2007</name>
  </trkpt>
  <trkpt lat="30.59026" lon="-9.63828">
    <name>TP2008</name>
  </trkpt>
  <trkpt lat="30.59023" lon="-9.63837">
    <name>TP2009</name>
  </trkpt>
  <trkpt lat="30.59022" lon="-9.63843">
    <name>TP2010</name>
  </trkpt>
  <trkpt lat="30.5902" lon="-9.63853">
    <name>TP2011</name>
  </trkpt>
  <trkpt lat="30.5902" lon="-9.63869">
    <name>TP2012</name>
  </trkpt>
  <trkpt lat="30.5902" lon="-9.6387">
    <name>TP2013</name>
  </trkpt>
  <trkpt lat="30.59024" lon="-9.63884">
    <name>TP2014</name>
  </trkpt>
  <trkpt lat="30.59025" lon="-9.63885">
    <name>TP2015</name>
  </trkpt>
  <trkpt lat="30.59028" lon="-9.63901">
    <name>TP2016</name>
  </trkpt>
  <trkpt lat="30.59029" lon="-9.63918">
    <name>TP2017</name>
  </trkpt>
  <trkpt lat="30.59028" lon="-9.63934">
    <name>TP2018</name>
  </trkpt>
  <trkpt lat="30.59026" lon="-9.63951">
    <name>TP2019</name>
  </trkpt>
  <trkpt lat="30.59027" lon="-9.63967">
    <name>TP2020</name>
  </trkpt>
  <trkpt lat="30.5903" lon="-9.63983">
    <name>TP2021</name>
  </trkpt>
  <trkpt lat="30.59034" lon="-9.63999">
    <name>TP2022</name>
  </trkpt>
  <trkpt lat="30.5904" lon="-9.64014">
    <name>TP2023</name>
  </trkpt>
  <trkpt lat="30.59047" lon="-9.64028">
    <name>TP2024</name>
  </trkpt>
  <trkpt lat="30.59056" lon="-9.64041">
    <name>TP2025</name>
  </trkpt>
  <trkpt lat="30.59058" lon="-9.64046">
    <name>TP2026</name>
  </trkpt>
  <trkpt lat="30.59063" lon="-9.64056">
    <name>TP2027</name>
  </trkpt>
  <trkpt lat="30.59064" lon="-9.64061">
    <name>TP2028</name>
  </trkpt>
  <trkpt lat="30.59065" lon="-9.64065">
    <name>TP2029</name>
  </trkpt>
  <trkpt lat="30.59067" lon="-9.64071">
    <name>TP2030</name>
  </trkpt>
  <trkpt lat="30.5907" lon="-9.64081">
    <name>TP2031</name>
  </trkpt>
  <trkpt lat="30.59071" lon="-9.64087">
    <name>TP2032</name>
  </trkpt>
  <trkpt lat="30.59074" lon="-9.64101">
    <name>TP2033</name>
  </trkpt>
  <trkpt lat="30.59075" lon="-9.64103">
    <name>TP2034</name>
  </trkpt>
  <trkpt lat="30.59078" lon="-9.6412">
    <name>TP2035</name>
  </trkpt>
  <trkpt lat="30.5908" lon="-9.64136">
    <name>TP2036</name>
  </trkpt>
  <trkpt lat="30.59082" lon="-9.64152">
    <name>TP2037</name>
  </trkpt>
  <trkpt lat="30.59082" lon="-9.64169">
    <name>TP2038</name>
  </trkpt>
  <trkpt lat="30.59082" lon="-9.64184">
    <name>TP2039</name>
  </trkpt>
  <trkpt lat="30.59082" lon="-9.64186">
    <name>TP2040</name>
  </trkpt>
  <trkpt lat="30.59082" lon="-9.64202">
    <name>TP2041</name>
  </trkpt>
  <trkpt lat="30.5908" lon="-9.64219">
    <name>TP2042</name>
  </trkpt>
  <trkpt lat="30.59077" lon="-9.64224">
    <name>TP2043</name>
  </trkpt>
  <trkpt lat="30.59073" lon="-9.64232">
    <name>TP2044</name>
  </trkpt>
  <trkpt lat="30.59067" lon="-9.64236">
    <name>TP2045</name>
  </trkpt>
  <trkpt lat="30.59061" lon="-9.6424">
    <name>TP2046</name>
  </trkpt>
  <trkpt lat="30.59047" lon="-9.64244">
    <name>TP2047</name>
  </trkpt>
  <trkpt lat="30.59033" lon="-9.64249">
    <name>TP2048</name>
  </trkpt>
  <trkpt lat="30.5903" lon="-9.6425">
    <name>TP2049</name>
  </trkpt>
  <trkpt lat="30.5902" lon="-9.64255">
    <name>TP2050</name>
  </trkpt>
  <trkpt lat="30.59014" lon="-9.64259">
    <name>TP2051</name>
  </trkpt>
  <trkpt lat="30.59007" lon="-9.64262">
    <name>TP2052</name>
  </trkpt>
  <trkpt lat="30.59001" lon="-9.64272">
    <name>TP2053</name>
  </trkpt>
  <trkpt lat="30.58999" lon="-9.64276">
    <name>TP2054</name>
  </trkpt>
  <trkpt lat="30.58999" lon="-9.64292">
    <name>TP2055</name>
  </trkpt>
  <trkpt lat="30.58998" lon="-9.64309">
    <name>TP2056</name>
  </trkpt>
  <trkpt lat="30.58996" lon="-9.64313">
    <name>TP2057</name>
  </trkpt>
  <trkpt lat="30.58993" lon="-9.64324">
    <name>TP2058</name>
  </trkpt>
  <trkpt lat="30.58992" lon="-9.64334">
    <name>TP2059</name>
  </trkpt>
  <trkpt lat="30.58991" lon="-9.64341">
    <name>TP2060</name>
  </trkpt>
  <trkpt lat="30.58991" lon="-9.64357">
    <name>TP2061</name>
  </trkpt>
  <trkpt lat="30.5899" lon="-9.64374">
    <name>TP2062</name>
  </trkpt>
  <trkpt lat="30.58989" lon="-9.6439">
    <name>TP2063</name>
  </trkpt>
  <trkpt lat="30.58989" lon="-9.64396">
    <name>TP2064</name>
  </trkpt>
  <trkpt lat="30.58989" lon="-9.64407">
    <name>TP2065</name>
  </trkpt>
  <trkpt lat="30.58993" lon="-9.64415">
    <name>TP2066</name>
  </trkpt>
  <trkpt lat="30.58996" lon="-9.64421">
    <name>TP2067</name>
  </trkpt>
  <trkpt lat="30.59009" lon="-9.64428">
    <name>TP2068</name>
  </trkpt>
  <trkpt lat="30.59021" lon="-9.64437">
    <name>TP2069</name>
  </trkpt>
  <trkpt lat="30.59032" lon="-9.64447">
    <name>TP2070</name>
  </trkpt>
  <trkpt lat="30.59044" lon="-9.64456">
    <name>TP2071</name>
  </trkpt>
  <trkpt lat="30.59056" lon="-9.64465">
    <name>TP2072</name>
  </trkpt>
  <trkpt lat="30.59067" lon="-9.64475">
    <name>TP2073</name>
  </trkpt>
  <trkpt lat="30.59076" lon="-9.64488">
    <name>TP2074</name>
  </trkpt>
  <trkpt lat="30.59084" lon="-9.64501">
    <name>TP2075</name>
  </trkpt>
  <trkpt lat="30.59088" lon="-9.64509">
    <name>TP2076</name>
  </trkpt>
  <trkpt lat="30.59091" lon="-9.64516">
    <name>TP2077</name>
  </trkpt>
  <trkpt lat="30.59102" lon="-9.64524">
    <name>TP2078</name>
  </trkpt>
  <trkpt lat="30.59109" lon="-9.64512">
    <name>TP2079</name>
  </trkpt>
  <trkpt lat="30.59108" lon="-9.64495">
    <name>TP2080</name>
  </trkpt>
  <trkpt lat="30.5911" lon="-9.64488">
    <name>TP2081</name>
  </trkpt>
  <trkpt lat="30.59113" lon="-9.64481">
    <name>TP2082</name>
  </trkpt>
  <trkpt lat="30.59124" lon="-9.64487">
    <name>TP2083</name>
  </trkpt>
  <trkpt lat="30.59125" lon="-9.64487">
    <name>TP2084</name>
  </trkpt>
  <trkpt lat="30.59131" lon="-9.64503">
    <name>TP2085</name>
  </trkpt>
  <trkpt lat="30.59136" lon="-9.64518">
    <name>TP2086</name>
  </trkpt>
  <trkpt lat="30.59145" lon="-9.6453">
    <name>TP2087</name>
  </trkpt>
  <trkpt lat="30.59159" lon="-9.64535">
    <name>TP2088</name>
  </trkpt>
  <trkpt lat="30.59173" lon="-9.64535">
    <name>TP2089</name>
  </trkpt>
  <trkpt lat="30.59187" lon="-9.64532">
    <name>TP2090</name>
  </trkpt>
  <trkpt lat="30.5919" lon="-9.6453">
    <name>TP2091</name>
  </trkpt>
  <trkpt lat="30.592" lon="-9.64525">
    <name>TP2092</name>
  </trkpt>
  <trkpt lat="30.59207" lon="-9.64522">
    <name>TP2093</name>
  </trkpt>
  <trkpt lat="30.59213" lon="-9.6452">
    <name>TP2094</name>
  </trkpt>
  <trkpt lat="30.59227" lon="-9.64517">
    <name>TP2095</name>
  </trkpt>
  <trkpt lat="30.59241" lon="-9.64515">
    <name>TP2096</name>
  </trkpt>
  <trkpt lat="30.59256" lon="-9.64513">
    <name>TP2097</name>
  </trkpt>
  <trkpt lat="30.5926" lon="-9.64512">
    <name>TP2098</name>
  </trkpt>
  <trkpt lat="30.59269" lon="-9.64509">
    <name>TP2099</name>
  </trkpt>
  <trkpt lat="30.59276" lon="-9.64504">
    <name>TP2100</name>
  </trkpt>
  <trkpt lat="30.59281" lon="-9.645">
    <name>TP2101</name>
  </trkpt>
  <trkpt lat="30.59291" lon="-9.64492">
    <name>TP2102</name>
  </trkpt>
  <trkpt lat="30.59293" lon="-9.64491">
    <name>TP2103</name>
  </trkpt>
  <trkpt lat="30.59307" lon="-9.64486">
    <name>TP2104</name>
  </trkpt>
  <trkpt lat="30.59321" lon="-9.64483">
    <name>TP2105</name>
  </trkpt>
  <trkpt lat="30.59326" lon="-9.64484">
    <name>TP2106</name>
  </trkpt>
  <trkpt lat="30.59334" lon="-9.64485">
    <name>TP2107</name>
  </trkpt>
  <trkpt lat="30.59343" lon="-9.64497">
    <name>TP2108</name>
  </trkpt>
  <trkpt lat="30.59343" lon="-9.64514">
    <name>TP2109</name>
  </trkpt>
  <trkpt lat="30.59343" lon="-9.6453">
    <name>TP2110</name>
  </trkpt>
  <trkpt lat="30.59344" lon="-9.64547">
    <name>TP2111</name>
  </trkpt>
  <trkpt lat="30.59345" lon="-9.64563">
    <name>TP2112</name>
  </trkpt>
  <trkpt lat="30.59347" lon="-9.6458">
    <name>TP2113</name>
  </trkpt>
  <trkpt lat="30.59348" lon="-9.64596">
    <name>TP2114</name>
  </trkpt>
  <trkpt lat="30.59356" lon="-9.64612">
    <name>TP2115</name>
  </trkpt>
  <trkpt lat="30.5937" lon="-9.6463">
    <name>TP2116</name>
  </trkpt>
  <trkpt lat="30.59377" lon="-9.64644">
    <name>TP2117</name>
  </trkpt>
  <trkpt lat="30.5938" lon="-9.64668">
    <name>TP2118</name>
  </trkpt>
  <trkpt lat="30.59388" lon="-9.64704">
    <name>TP2119</name>
  </trkpt>
  <trkpt lat="30.59389" lon="-9.64709">
    <name>TP2120</name>
  </trkpt>
  <trkpt lat="30.59394" lon="-9.64727">
    <name>TP2121</name>
  </trkpt>
  <trkpt lat="30.59396" lon="-9.64742">
    <name>TP2122</name>
  </trkpt>
  <trkpt lat="30.59399" lon="-9.64759">
    <name>TP2123</name>
  </trkpt>
  <trkpt lat="30.59399" lon="-9.64766">
    <name>TP2124</name>
  </trkpt>
  <trkpt lat="30.59399" lon="-9.64781">
    <name>TP2125</name>
  </trkpt>
  <trkpt lat="30.59399" lon="-9.64794">
    <name>TP2126</name>
  </trkpt>
  <trkpt lat="30.59402" lon="-9.64804">
    <name>TP2127</name>
  </trkpt>
  <trkpt lat="30.59406" lon="-9.64813">
    <name>TP2128</name>
  </trkpt>
  <trkpt lat="30.59414" lon="-9.64829">
    <name>TP2129</name>
  </trkpt>
  <trkpt lat="30.59416" lon="-9.64843">
    <name>TP2130</name>
  </trkpt>
  <trkpt lat="30.59416" lon="-9.64845">
    <name>TP2131</name>
  </trkpt>
  <trkpt lat="30.59415" lon="-9.64864">
    <name>TP2132</name>
  </trkpt>
  <trkpt lat="30.59415" lon="-9.64866">
    <name>TP2133</name>
  </trkpt>
  <trkpt lat="30.59414" lon="-9.64878">
    <name>TP2134</name>
  </trkpt>
  <trkpt lat="30.59407" lon="-9.64924">
    <name>TP2135</name>
  </trkpt>
  <trkpt lat="30.59407" lon="-9.64926">
    <name>TP2136</name>
  </trkpt>
  <trkpt lat="30.59408" lon="-9.64941">
    <name>TP2137</name>
  </trkpt>
  <trkpt lat="30.59413" lon="-9.64975">
    <name>TP2138</name>
  </trkpt>
  <trkpt lat="30.59423" lon="-9.65028">
    <name>TP2139</name>
  </trkpt>
  <trkpt lat="30.59424" lon="-9.6503">
    <name>TP2140</name>
  </trkpt>
  <trkpt lat="30.59425" lon="-9.65036">
    <name>TP2141</name>
  </trkpt>
  <trkpt lat="30.59428" lon="-9.65047">
    <name>TP2142</name>
  </trkpt>
  <trkpt lat="30.5943" lon="-9.65066">
    <name>TP2143</name>
  </trkpt>
  <trkpt lat="30.5943" lon="-9.65101">
    <name>TP2144</name>
  </trkpt>
  <trkpt lat="30.59433" lon="-9.65123">
    <name>TP2145</name>
  </trkpt>
  <trkpt lat="30.59434" lon="-9.65144">
    <name>TP2146</name>
  </trkpt>
  <trkpt lat="30.59432" lon="-9.65173">
    <name>TP2147</name>
  </trkpt>
  <trkpt lat="30.59432" lon="-9.65175">
    <name>TP2148</name>
  </trkpt>
  <trkpt lat="30.5943" lon="-9.65194">
    <name>TP2149</name>
  </trkpt>
  <trkpt lat="30.5943" lon="-9.65201">
    <name>TP2150</name>
  </trkpt>
  <trkpt lat="30.5943" lon="-9.65217">
    <name>TP2151</name>
  </trkpt>
  <trkpt lat="30.5943" lon="-9.65221">
    <name>TP2152</name>
  </trkpt>
  <trkpt lat="30.59428" lon="-9.65234">
    <name>TP2153</name>
  </trkpt>
  <trkpt lat="30.59426" lon="-9.65237">
    <name>TP2154</name>
  </trkpt>
  <trkpt lat="30.59421" lon="-9.65249">
    <name>TP2155</name>
  </trkpt>
  <trkpt lat="30.5941" lon="-9.65271">
    <name>TP2156</name>
  </trkpt>
  <trkpt lat="30.5941" lon="-9.65272">
    <name>TP2157</name>
  </trkpt>
  <trkpt lat="30.59403" lon="-9.65291">
    <name>TP2158</name>
  </trkpt>
  <trkpt lat="30.59402" lon="-9.65293">
    <name>TP2159</name>
  </trkpt>
  <trkpt lat="30.59389" lon="-9.65328">
    <name>TP2160</name>
  </trkpt>
  <trkpt lat="30.59388" lon="-9.6533">
    <name>TP2161</name>
  </trkpt>
  <trkpt lat="30.59383" lon="-9.65342">
    <name>TP2162</name>
  </trkpt>
  <trkpt lat="30.59373" lon="-9.65367">
    <name>TP2163</name>
  </trkpt>
  <trkpt lat="30.59372" lon="-9.65369">
    <name>TP2164</name>
  </trkpt>
  <trkpt lat="30.59366" lon="-9.65384">
    <name>TP2165</name>
  </trkpt>
  <trkpt lat="30.59359" lon="-9.65406">
    <name>TP2166</name>
  </trkpt>
  <trkpt lat="30.59359" lon="-9.65409">
    <name>TP2167</name>
  </trkpt>
  <trkpt lat="30.59355" lon="-9.65421">
    <name>TP2168</name>
  </trkpt>
  <trkpt lat="30.59355" lon="-9.65428">
    <name>TP2169</name>
  </trkpt>
  <trkpt lat="30.59355" lon="-9.65431">
    <name>TP2170</name>
  </trkpt>
  <trkpt lat="30.59357" lon="-9.65442">
    <name>TP2171</name>
  </trkpt>
  <trkpt lat="30.59359" lon="-9.65446">
    <name>TP2172</name>
  </trkpt>
  <trkpt lat="30.59361" lon="-9.65447">
    <name>TP2173</name>
  </trkpt>
  <trkpt lat="30.59371" lon="-9.65461">
    <name>TP2174</name>
  </trkpt>
  <trkpt lat="30.5938" lon="-9.65473">
    <name>TP2175</name>
  </trkpt>
  <trkpt lat="30.59411" lon="-9.65504">
    <name>TP2176</name>
  </trkpt>
  <trkpt lat="30.59418" lon="-9.65512">
    <name>TP2177</name>
  </trkpt>
  <trkpt lat="30.59424" lon="-9.65518">
    <name>TP2178</name>
  </trkpt>
  <trkpt lat="30.59427" lon="-9.65521">
    <name>TP2179</name>
  </trkpt>
  <trkpt lat="30.59432" lon="-9.65534">
    <name>TP2180</name>
  </trkpt>
  <trkpt lat="30.59432" lon="-9.65538">
    <name>TP2181</name>
  </trkpt>
  <trkpt lat="30.59431" lon="-9.65545">
    <name>TP2182</name>
  </trkpt>
  <trkpt lat="30.59426" lon="-9.65558">
    <name>TP2183</name>
  </trkpt>
  <trkpt lat="30.59419" lon="-9.65569">
    <name>TP2184</name>
  </trkpt>
  <trkpt lat="30.59415" lon="-9.65571">
    <name>TP2185</name>
  </trkpt>
  <trkpt lat="30.59414" lon="-9.65572">
    <name>TP2186</name>
  </trkpt>
  <trkpt lat="30.59406" lon="-9.65577">
    <name>TP2187</name>
  </trkpt>
  <trkpt lat="30.59397" lon="-9.65579">
    <name>TP2188</name>
  </trkpt>
  <trkpt lat="30.5939" lon="-9.65581">
    <name>TP2189</name>
  </trkpt>
  <trkpt lat="30.59378" lon="-9.65588">
    <name>TP2190</name>
  </trkpt>
  <trkpt lat="30.59366" lon="-9.65601">
    <name>TP2191</name>
  </trkpt>
  <trkpt lat="30.59358" lon="-9.65616">
    <name>TP2192</name>
  </trkpt>
  <trkpt lat="30.59357" lon="-9.65618">
    <name>TP2193</name>
  </trkpt>
  <trkpt lat="30.59355" lon="-9.65622">
    <name>TP2194</name>
  </trkpt>
  <trkpt lat="30.59352" lon="-9.65634">
    <name>TP2195</name>
  </trkpt>
  <trkpt lat="30.59352" lon="-9.65657">
    <name>TP2196</name>
  </trkpt>
  <trkpt lat="30.59352" lon="-9.65659">
    <name>TP2197</name>
  </trkpt>
  <trkpt lat="30.59352" lon="-9.65677">
    <name>TP2198</name>
  </trkpt>
  <trkpt lat="30.59355" lon="-9.65711">
    <name>TP2199</name>
  </trkpt>
  <trkpt lat="30.59359" lon="-9.6574">
    <name>TP2200</name>
  </trkpt>
  <trkpt lat="30.59362" lon="-9.65759">
    <name>TP2201</name>
  </trkpt>
  <trkpt lat="30.59364" lon="-9.6578">
    <name>TP2202</name>
  </trkpt>
  <trkpt lat="30.59361" lon="-9.658">
    <name>TP2203</name>
  </trkpt>
  <trkpt lat="30.5936" lon="-9.65803">
    <name>TP2204</name>
  </trkpt>
  <trkpt lat="30.59354" lon="-9.65818">
    <name>TP2205</name>
  </trkpt>
  <trkpt lat="30.59329" lon="-9.65859">
    <name>TP2206</name>
  </trkpt>
  <trkpt lat="30.59321" lon="-9.65871">
    <name>TP2207</name>
  </trkpt>
  <trkpt lat="30.59313" lon="-9.65884">
    <name>TP2208</name>
  </trkpt>
  <trkpt lat="30.59304" lon="-9.65902">
    <name>TP2209</name>
  </trkpt>
  <trkpt lat="30.59302" lon="-9.65906">
    <name>TP2210</name>
  </trkpt>
  <trkpt lat="30.59299" lon="-9.65911">
    <name>TP2211</name>
  </trkpt>
  <trkpt lat="30.59283" lon="-9.65922">
    <name>TP2212</name>
  </trkpt>
  <trkpt lat="30.59267" lon="-9.65935">
    <name>TP2213</name>
  </trkpt>
  <trkpt lat="30.59259" lon="-9.65942">
    <name>TP2214</name>
  </trkpt>
  <trkpt lat="30.59258" lon="-9.65943">
    <name>TP2215</name>
  </trkpt>
  <trkpt lat="30.59252" lon="-9.65954">
    <name>TP2216</name>
  </trkpt>
  <trkpt lat="30.5925" lon="-9.65963">
    <name>TP2217</name>
  </trkpt>
  <trkpt lat="30.59249" lon="-9.65969">
    <name>TP2218</name>
  </trkpt>
  <trkpt lat="30.59248" lon="-9.65988">
    <name>TP2219</name>
  </trkpt>
  <trkpt lat="30.59248" lon="-9.66003">
    <name>TP2220</name>
  </trkpt>
  <trkpt lat="30.59246" lon="-9.66016">
    <name>TP2221</name>
  </trkpt>
  <trkpt lat="30.5924" lon="-9.66021">
    <name>TP2222</name>
  </trkpt>
  <trkpt lat="30.59235" lon="-9.66031">
    <name>TP2223</name>
  </trkpt>
  <trkpt lat="30.59231" lon="-9.6604">
    <name>TP2224</name>
  </trkpt>
  <trkpt lat="30.59229" lon="-9.6605">
    <name>TP2225</name>
  </trkpt>
  <trkpt lat="30.59231" lon="-9.66062">
    <name>TP2226</name>
  </trkpt>
  <trkpt lat="30.59232" lon="-9.66072">
    <name>TP2227</name>
  </trkpt>
  <trkpt lat="30.59233" lon="-9.66081">
    <name>TP2228</name>
  </trkpt>
  <trkpt lat="30.59235" lon="-9.66091">
    <name>TP2229</name>
  </trkpt>
  <trkpt lat="30.59236" lon="-9.66101">
    <name>TP2230</name>
  </trkpt>
  <trkpt lat="30.59237" lon="-9.6611">
    <name>TP2231</name>
  </trkpt>
  <trkpt lat="30.59239" lon="-9.6612">
    <name>TP2232</name>
  </trkpt>
  <trkpt lat="30.59241" lon="-9.66129">
    <name>TP2233</name>
  </trkpt>
  <trkpt lat="30.59244" lon="-9.66139">
    <name>TP2234</name>
  </trkpt>
  <trkpt lat="30.59247" lon="-9.66148">
    <name>TP2235</name>
  </trkpt>
  <trkpt lat="30.59249" lon="-9.66157">
    <name>TP2236</name>
  </trkpt>
  <trkpt lat="30.59251" lon="-9.66167">
    <name>TP2237</name>
  </trkpt>
  <trkpt lat="30.59254" lon="-9.66176">
    <name>TP2238</name>
  </trkpt>
  <trkpt lat="30.59257" lon="-9.66185">
    <name>TP2239</name>
  </trkpt>
  <trkpt lat="30.5926" lon="-9.66191">
    <name>TP2240</name>
  </trkpt>
  <trkpt lat="30.59261" lon="-9.66194">
    <name>TP2241</name>
  </trkpt>
  <trkpt lat="30.59265" lon="-9.66202">
    <name>TP2242</name>
  </trkpt>
  <trkpt lat="30.59269" lon="-9.66211">
    <name>TP2243</name>
  </trkpt>
  <trkpt lat="30.59272" lon="-9.6622">
    <name>TP2244</name>
  </trkpt>
  <trkpt lat="30.59274" lon="-9.6623">
    <name>TP2245</name>
  </trkpt>
  <trkpt lat="30.59275" lon="-9.66239">
    <name>TP2246</name>
  </trkpt>
  <trkpt lat="30.59277" lon="-9.66249">
    <name>TP2247</name>
  </trkpt>
  <trkpt lat="30.59278" lon="-9.66259">
    <name>TP2248</name>
  </trkpt>
  <trkpt lat="30.59279" lon="-9.66269">
    <name>TP2249</name>
  </trkpt>
  <trkpt lat="30.5928" lon="-9.66278">
    <name>TP2250</name>
  </trkpt>
  <trkpt lat="30.59281" lon="-9.66288">
    <name>TP2251</name>
  </trkpt>
  <trkpt lat="30.59282" lon="-9.66291">
    <name>TP2252</name>
  </trkpt>
  <trkpt lat="30.59283" lon="-9.66297">
    <name>TP2253</name>
  </trkpt>
  <trkpt lat="30.59286" lon="-9.66307">
    <name>TP2254</name>
  </trkpt>
  <trkpt lat="30.59289" lon="-9.66316">
    <name>TP2255</name>
  </trkpt>
  <trkpt lat="30.59291" lon="-9.66325">
    <name>TP2256</name>
  </trkpt>
  <trkpt lat="30.59292" lon="-9.66331">
    <name>TP2257</name>
  </trkpt>
  <trkpt lat="30.59293" lon="-9.66335">
    <name>TP2258</name>
  </trkpt>
  <trkpt lat="30.59295" lon="-9.66344">
    <name>TP2259</name>
  </trkpt>
  <trkpt lat="30.59297" lon="-9.66354">
    <name>TP2260</name>
  </trkpt>
  <trkpt lat="30.59298" lon="-9.66364">
    <name>TP2261</name>
  </trkpt>
  <trkpt lat="30.59299" lon="-9.66373">
    <name>TP2262</name>
  </trkpt>
  <trkpt lat="30.593" lon="-9.66383">
    <name>TP2263</name>
  </trkpt>
  <trkpt lat="30.59301" lon="-9.66392">
    <name>TP2264</name>
  </trkpt>
  <trkpt lat="30.59301" lon="-9.66393">
    <name>TP2265</name>
  </trkpt>
  <trkpt lat="30.59302" lon="-9.66403">
    <name>TP2266</name>
  </trkpt>
  <trkpt lat="30.59303" lon="-9.66412">
    <name>TP2267</name>
  </trkpt>
  <trkpt lat="30.59304" lon="-9.66422">
    <name>TP2268</name>
  </trkpt>
  <trkpt lat="30.59305" lon="-9.66432">
    <name>TP2269</name>
  </trkpt>
  <trkpt lat="30.59307" lon="-9.66441">
    <name>TP2270</name>
  </trkpt>
  <trkpt lat="30.59308" lon="-9.66451">
    <name>TP2271</name>
  </trkpt>
  <trkpt lat="30.5931" lon="-9.66461">
    <name>TP2272</name>
  </trkpt>
  <trkpt lat="30.59311" lon="-9.6647">
    <name>TP2273</name>
  </trkpt>
  <trkpt lat="30.59312" lon="-9.6648">
    <name>TP2274</name>
  </trkpt>
  <trkpt lat="30.59313" lon="-9.6649">
    <name>TP2275</name>
  </trkpt>
  <trkpt lat="30.59313" lon="-9.66496">
    <name>TP2276</name>
  </trkpt>
  <trkpt lat="30.59314" lon="-9.665">
    <name>TP2277</name>
  </trkpt>
  <trkpt lat="30.59314" lon="-9.66509">
    <name>TP2278</name>
  </trkpt>
  <trkpt lat="30.59315" lon="-9.66519">
    <name>TP2279</name>
  </trkpt>
  <trkpt lat="30.59316" lon="-9.66529">
    <name>TP2280</name>
  </trkpt>
  <trkpt lat="30.59316" lon="-9.66539">
    <name>TP2281</name>
  </trkpt>
  <trkpt lat="30.59317" lon="-9.66549">
    <name>TP2282</name>
  </trkpt>
  <trkpt lat="30.59318" lon="-9.66558">
    <name>TP2283</name>
  </trkpt>
  <trkpt lat="30.59318" lon="-9.66568">
    <name>TP2284</name>
  </trkpt>
  <trkpt lat="30.59319" lon="-9.66578">
    <name>TP2285</name>
  </trkpt>
  <trkpt lat="30.5932" lon="-9.66588">
    <name>TP2286</name>
  </trkpt>
  <trkpt lat="30.59322" lon="-9.66597">
    <name>TP2287</name>
  </trkpt>
  <trkpt lat="30.59324" lon="-9.66607">
    <name>TP2288</name>
  </trkpt>
  <trkpt lat="30.59331" lon="-9.66617">
    <name>TP2289</name>
  </trkpt>
  <trkpt lat="30.5933113" lon="-9.6661731">
    <name>TP2290</name>
  </trkpt>
  <trkpt lat="30.59338" lon="-9.66618">
    <name>TP2291</name>
  </trkpt>
  <trkpt lat="30.59345" lon="-9.66613">
    <name>TP2292</name>
  </trkpt>
  <trkpt lat="30.59348" lon="-9.66604">
    <name>TP2293</name>
  </trkpt>
  <trkpt lat="30.5935" lon="-9.66595">
    <name>TP2294</name>
  </trkpt>
  <trkpt lat="30.59352" lon="-9.66585">
    <name>TP2295</name>
  </trkpt>
  <trkpt lat="30.59354" lon="-9.66576">
    <name>TP2296</name>
  </trkpt>
  <trkpt lat="30.59357" lon="-9.66566">
    <name>TP2297</name>
  </trkpt>
  <trkpt lat="30.59361" lon="-9.66557">
    <name>TP2298</name>
  </trkpt>
  <trkpt lat="30.59364" lon="-9.66551">
    <name>TP2299</name>
  </trkpt>
  <trkpt lat="30.59365" lon="-9.66549">
    <name>TP2300</name>
  </trkpt>
  <trkpt lat="30.5937" lon="-9.66541">
    <name>TP2301</name>
  </trkpt>
  <trkpt lat="30.59375" lon="-9.66534">
    <name>TP2302</name>
  </trkpt>
  <trkpt lat="30.59387" lon="-9.66519">
    <name>TP2303</name>
  </trkpt>
  <trkpt lat="30.59399" lon="-9.66503">
    <name>TP2304</name>
  </trkpt>
  <trkpt lat="30.59411" lon="-9.66488">
    <name>TP2305</name>
  </trkpt>
  <trkpt lat="30.59415" lon="-9.66483">
    <name>TP2306</name>
  </trkpt>
  <trkpt lat="30.5942" lon="-9.66475">
    <name>TP2307</name>
  </trkpt>
  <trkpt lat="30.59422" lon="-9.66471">
    <name>TP2308</name>
  </trkpt>
  <trkpt lat="30.59425" lon="-9.66467">
    <name>TP2309</name>
  </trkpt>
  <trkpt lat="30.59428" lon="-9.66458">
    <name>TP2310</name>
  </trkpt>
  <trkpt lat="30.59429" lon="-9.66453">
    <name>TP2311</name>
  </trkpt>
  <trkpt lat="30.5943" lon="-9.66448">
    <name>TP2312</name>
  </trkpt>
  <trkpt lat="30.59433" lon="-9.66439">
    <name>TP2313</name>
  </trkpt>
  <trkpt lat="30.59435" lon="-9.66433">
    <name>TP2314</name>
  </trkpt>
  <trkpt lat="30.59436" lon="-9.6643">
    <name>TP2315</name>
  </trkpt>
  <trkpt lat="30.59443" lon="-9.66431">
    <name>TP2316</name>
  </trkpt>
  <trkpt lat="30.59449" lon="-9.66436">
    <name>TP2317</name>
  </trkpt>
  <trkpt lat="30.59452" lon="-9.66445">
    <name>TP2318</name>
  </trkpt>
  <trkpt lat="30.59455" lon="-9.66456">
    <name>TP2319</name>
  </trkpt>
  <trkpt lat="30.59456" lon="-9.66464">
    <name>TP2320</name>
  </trkpt>
  <trkpt lat="30.59458" lon="-9.66477">
    <name>TP2321</name>
  </trkpt>
  <trkpt lat="30.59459" lon="-9.66494">
    <name>TP2322</name>
  </trkpt>
  <trkpt lat="30.5946" lon="-9.66503">
    <name>TP2323</name>
  </trkpt>
  <trkpt lat="30.5946" lon="-9.66519">
    <name>TP2324</name>
  </trkpt>
  <trkpt lat="30.59461" lon="-9.66533">
    <name>TP2325</name>
  </trkpt>
  <trkpt lat="30.59461" lon="-9.66543">
    <name>TP2326</name>
  </trkpt>
  <trkpt lat="30.59461" lon="-9.66552">
    <name>TP2327</name>
  </trkpt>
  <trkpt lat="30.5946" lon="-9.66562">
    <name>TP2328</name>
  </trkpt>
  <trkpt lat="30.59458" lon="-9.66588">
    <name>TP2329</name>
  </trkpt>
  <trkpt lat="30.59458" lon="-9.66589">
    <name>TP2330</name>
  </trkpt>
  <trkpt lat="30.59459" lon="-9.66597">
    <name>TP2331</name>
  </trkpt>
  <trkpt lat="30.5946" lon="-9.66605">
    <name>TP2332</name>
  </trkpt>
  <trkpt lat="30.59462" lon="-9.66613">
    <name>TP2333</name>
  </trkpt>
  <trkpt lat="30.59463" lon="-9.66621">
    <name>TP2334</name>
  </trkpt>
  <trkpt lat="30.59464" lon="-9.66629">
    <name>TP2335</name>
  </trkpt>
  <trkpt lat="30.59465" lon="-9.66637">
    <name>TP2336</name>
  </trkpt>
  <trkpt lat="30.59466" lon="-9.66645">
    <name>TP2337</name>
  </trkpt>
  <trkpt lat="30.59467" lon="-9.66653">
    <name>TP2338</name>
  </trkpt>
  <trkpt lat="30.59468" lon="-9.66661">
    <name>TP2339</name>
  </trkpt>
  <trkpt lat="30.59468" lon="-9.6667">
    <name>TP2340</name>
  </trkpt>
  <trkpt lat="30.59469" lon="-9.66678">
    <name>TP2341</name>
  </trkpt>
  <trkpt lat="30.59469" lon="-9.66686">
    <name>TP2342</name>
  </trkpt>
  <trkpt lat="30.59469" lon="-9.66694">
    <name>TP2343</name>
  </trkpt>
  <trkpt lat="30.59469" lon="-9.66702">
    <name>TP2344</name>
  </trkpt>
  <trkpt lat="30.59469" lon="-9.6671">
    <name>TP2345</name>
  </trkpt>
  <trkpt lat="30.59469" lon="-9.66716">
    <name>TP2346</name>
  </trkpt>
  <trkpt lat="30.59469" lon="-9.66718">
    <name>TP2347</name>
  </trkpt>
  <trkpt lat="30.5947" lon="-9.66727">
    <name>TP2348</name>
  </trkpt>
  <trkpt lat="30.59471" lon="-9.66735">
    <name>TP2349</name>
  </trkpt>
  <trkpt lat="30.59471" lon="-9.66743">
    <name>TP2350</name>
  </trkpt>
  <trkpt lat="30.59472" lon="-9.66751">
    <name>TP2351</name>
  </trkpt>
  <trkpt lat="30.59472" lon="-9.66758">
    <name>TP2352</name>
  </trkpt>
  <trkpt lat="30.59472" lon="-9.66759">
    <name>TP2353</name>
  </trkpt>
  <trkpt lat="30.59473" lon="-9.66767">
    <name>TP2354</name>
  </trkpt>
  <trkpt lat="30.59473" lon="-9.66775">
    <name>TP2355</name>
  </trkpt>
  <trkpt lat="30.59473" lon="-9.66779">
    <name>TP2356</name>
  </trkpt>
  <trkpt lat="30.59473" lon="-9.66784">
    <name>TP2357</name>
  </trkpt>
  <trkpt lat="30.59472" lon="-9.66792">
    <name>TP2358</name>
  </trkpt>
  <trkpt lat="30.59472" lon="-9.668">
    <name>TP2359</name>
  </trkpt>
  <trkpt lat="30.59471" lon="-9.66808">
    <name>TP2360</name>
  </trkpt>
  <trkpt lat="30.5947" lon="-9.66816">
    <name>TP2361</name>
  </trkpt>
  <trkpt lat="30.5947" lon="-9.66824">
    <name>TP2362</name>
  </trkpt>
  <trkpt lat="30.59469" lon="-9.66832">
    <name>TP2363</name>
  </trkpt>
  <trkpt lat="30.59468" lon="-9.6684">
    <name>TP2364</name>
  </trkpt>
  <trkpt lat="30.59467" lon="-9.66849">
    <name>TP2365</name>
  </trkpt>
  <trkpt lat="30.59467" lon="-9.66857">
    <name>TP2366</name>
  </trkpt>
  <trkpt lat="30.59467" lon="-9.66865">
    <name>TP2367</name>
  </trkpt>
  <trkpt lat="30.59467" lon="-9.66873">
    <name>TP2368</name>
  </trkpt>
  <trkpt lat="30.59467" lon="-9.66881">
    <name>TP2369</name>
  </trkpt>
  <trkpt lat="30.59467" lon="-9.66883">
    <name>TP2370</name>
  </trkpt>
  <trkpt lat="30.59468" lon="-9.66889">
    <name>TP2371</name>
  </trkpt>
  <trkpt lat="30.59468" lon="-9.66897">
    <name>TP2372</name>
  </trkpt>
  <trkpt lat="30.59469" lon="-9.66903">
    <name>TP2373</name>
  </trkpt>
  <trkpt lat="30.59469" lon="-9.66906">
    <name>TP2374</name>
  </trkpt>
  <trkpt lat="30.59469" lon="-9.66914">
    <name>TP2375</name>
  </trkpt>
  <trkpt lat="30.59469" lon="-9.66922">
    <name>TP2376</name>
  </trkpt>
  <trkpt lat="30.59468" lon="-9.6693">
    <name>TP2377</name>
  </trkpt>
  <trkpt lat="30.59466" lon="-9.66938">
    <name>TP2378</name>
  </trkpt>
  <trkpt lat="30.59464" lon="-9.66946">
    <name>TP2379</name>
  </trkpt>
  <trkpt lat="30.59463" lon="-9.66954">
    <name>TP2380</name>
  </trkpt>
  <trkpt lat="30.59462" lon="-9.66962">
    <name>TP2381</name>
  </trkpt>
  <trkpt lat="30.59461" lon="-9.6697">
    <name>TP2382</name>
  </trkpt>
  <trkpt lat="30.5946" lon="-9.66978">
    <name>TP2383</name>
  </trkpt>
  <trkpt lat="30.5946" lon="-9.66986">
    <name>TP2384</name>
  </trkpt>
  <trkpt lat="30.5946" lon="-9.67001">
    <name>TP2385</name>
  </trkpt>
  <trkpt lat="30.59461" lon="-9.67009">
    <name>TP2386</name>
  </trkpt>
  <trkpt lat="30.59462" lon="-9.67017">
    <name>TP2387</name>
  </trkpt>
  <trkpt lat="30.59465" lon="-9.67025">
    <name>TP2388</name>
  </trkpt>
  <trkpt lat="30.59467" lon="-9.67032">
    <name>TP2389</name>
  </trkpt>
  <trkpt lat="30.5947" lon="-9.6704">
    <name>TP2390</name>
  </trkpt>
  <trkpt lat="30.59472" lon="-9.67046">
    <name>TP2391</name>
  </trkpt>
  <trkpt lat="30.59472" lon="-9.67048">
    <name>TP2392</name>
  </trkpt>
  <trkpt lat="30.59474" lon="-9.67055">
    <name>TP2393</name>
  </trkpt>
  <trkpt lat="30.59476" lon="-9.67063">
    <name>TP2394</name>
  </trkpt>
  <trkpt lat="30.59477" lon="-9.67066">
    <name>TP2395</name>
  </trkpt>
  <trkpt lat="30.59478" lon="-9.67071">
    <name>TP2396</name>
  </trkpt>
  <trkpt lat="30.59478" lon="-9.67079">
    <name>TP2397</name>
  </trkpt>
  <trkpt lat="30.59478" lon="-9.67087">
    <name>TP2398</name>
  </trkpt>
  <trkpt lat="30.59478" lon="-9.67095">
    <name>TP2399</name>
  </trkpt>
  <trkpt lat="30.59478" lon="-9.67104">
    <name>TP2400</name>
  </trkpt>
  <trkpt lat="30.59477" lon="-9.67108">
    <name>TP2401</name>
  </trkpt>
  <trkpt lat="30.59476" lon="-9.67111">
    <name>TP2402</name>
  </trkpt>
  <trkpt lat="30.59473" lon="-9.67119">
    <name>TP2403</name>
  </trkpt>
  <trkpt lat="30.59469" lon="-9.67125">
    <name>TP2404</name>
  </trkpt>
  <trkpt lat="30.59464" lon="-9.67131">
    <name>TP2405</name>
  </trkpt>
  <trkpt lat="30.59458" lon="-9.67135">
    <name>TP2406</name>
  </trkpt>
  <trkpt lat="30.59452" lon="-9.67138">
    <name>TP2407</name>
  </trkpt>
  <trkpt lat="30.59445" lon="-9.67142">
    <name>TP2408</name>
  </trkpt>
  <trkpt lat="30.59439" lon="-9.67146">
    <name>TP2409</name>
  </trkpt>
  <trkpt lat="30.59438" lon="-9.67147">
    <name>TP2410</name>
  </trkpt>
  <trkpt lat="30.59434" lon="-9.67151">
    <name>TP2411</name>
  </trkpt>
  <trkpt lat="30.59429" lon="-9.67157">
    <name>TP2412</name>
  </trkpt>
  <trkpt lat="30.59424" lon="-9.67162">
    <name>TP2413</name>
  </trkpt>
  <trkpt lat="30.5942" lon="-9.67169">
    <name>TP2414</name>
  </trkpt>
  <trkpt lat="30.59416" lon="-9.67176">
    <name>TP2415</name>
  </trkpt>
  <trkpt lat="30.59416" lon="-9.67179">
    <name>TP2416</name>
  </trkpt>
  <trkpt lat="30.59416" lon="-9.67184">
    <name>TP2417</name>
  </trkpt>
  <trkpt lat="30.59417" lon="-9.67192">
    <name>TP2418</name>
  </trkpt>
  <trkpt lat="30.59419" lon="-9.672">
    <name>TP2419</name>
  </trkpt>
  <trkpt lat="30.59421" lon="-9.67208">
    <name>TP2420</name>
  </trkpt>
  <trkpt lat="30.59423" lon="-9.67216">
    <name>TP2421</name>
  </trkpt>
  <trkpt lat="30.59425" lon="-9.67223">
    <name>TP2422</name>
  </trkpt>
  <trkpt lat="30.59426" lon="-9.67231">
    <name>TP2423</name>
  </trkpt>
  <trkpt lat="30.59428" lon="-9.67239">
    <name>TP2424</name>
  </trkpt>
  <trkpt lat="30.59429" lon="-9.67247">
    <name>TP2425</name>
  </trkpt>
  <trkpt lat="30.59431" lon="-9.67255">
    <name>TP2426</name>
  </trkpt>
  <trkpt lat="30.59432" lon="-9.67261">
    <name>TP2427</name>
  </trkpt>
  <trkpt lat="30.59432" lon="-9.67263">
    <name>TP2428</name>
  </trkpt>
  <trkpt lat="30.59434" lon="-9.67271">
    <name>TP2429</name>
  </trkpt>
  <trkpt lat="30.59435" lon="-9.67279">
    <name>TP2430</name>
  </trkpt>
  <trkpt lat="30.59436" lon="-9.67287">
    <name>TP2431</name>
  </trkpt>
  <trkpt lat="30.59438" lon="-9.67295">
    <name>TP2432</name>
  </trkpt>
  <trkpt lat="30.59439" lon="-9.67302">
    <name>TP2433</name>
  </trkpt>
  <trkpt lat="30.59439" lon="-9.67303">
    <name>TP2434</name>
  </trkpt>
  <trkpt lat="30.5944" lon="-9.67311">
    <name>TP2435</name>
  </trkpt>
  <trkpt lat="30.59441" lon="-9.67319">
    <name>TP2436</name>
  </trkpt>
  <trkpt lat="30.59442" lon="-9.67328">
    <name>TP2437</name>
  </trkpt>
  <trkpt lat="30.59442" lon="-9.67336">
    <name>TP2438</name>
  </trkpt>
  <trkpt lat="30.59443" lon="-9.67344">
    <name>TP2439</name>
  </trkpt>
  <trkpt lat="30.59443" lon="-9.67352">
    <name>TP2440</name>
  </trkpt>
  <trkpt lat="30.59444" lon="-9.6736">
    <name>TP2441</name>
  </trkpt>
  <trkpt lat="30.59443" lon="-9.67384">
    <name>TP2442</name>
  </trkpt>
  <trkpt lat="30.59443" lon="-9.67399">
    <name>TP2443</name>
  </trkpt>
  <trkpt lat="30.59445" lon="-9.67405">
    <name>TP2444</name>
  </trkpt>
  <trkpt lat="30.59447" lon="-9.67414">
    <name>TP2445</name>
  </trkpt>
  <trkpt lat="30.59453" lon="-9.67426">
    <name>TP2446</name>
  </trkpt>
  <trkpt lat="30.59476" lon="-9.67456">
    <name>TP2447</name>
  </trkpt>
  <trkpt lat="30.59487" lon="-9.6747">
    <name>TP2448</name>
  </trkpt>
  <trkpt lat="30.59491" lon="-9.67483">
    <name>TP2449</name>
  </trkpt>
  <trkpt lat="30.59492" lon="-9.67488">
    <name>TP2450</name>
  </trkpt>
  <trkpt lat="30.59493" lon="-9.67492">
    <name>TP2451</name>
  </trkpt>
  <trkpt lat="30.59494" lon="-9.67497">
    <name>TP2452</name>
  </trkpt>
  <trkpt lat="30.59494" lon="-9.67513">
    <name>TP2453</name>
  </trkpt>
  <trkpt lat="30.59494" lon="-9.67549">
    <name>TP2454</name>
  </trkpt>
  <trkpt lat="30.59497" lon="-9.67565">
    <name>TP2455</name>
  </trkpt>
  <trkpt lat="30.59504" lon="-9.67586">
    <name>TP2456</name>
  </trkpt>
  <trkpt lat="30.59506" lon="-9.67601">
    <name>TP2457</name>
  </trkpt>
  <trkpt lat="30.59506" lon="-9.67611">
    <name>TP2458</name>
  </trkpt>
  <trkpt lat="30.59505" lon="-9.67615">
    <name>TP2459</name>
  </trkpt>
  <trkpt lat="30.59503" lon="-9.67649">
    <name>TP2460</name>
  </trkpt>
  <trkpt lat="30.59503" lon="-9.67653">
    <name>TP2461</name>
  </trkpt>
  <trkpt lat="30.595" lon="-9.67677">
    <name>TP2462</name>
  </trkpt>
  <trkpt lat="30.59499" lon="-9.67694">
    <name>TP2463</name>
  </trkpt>
  <trkpt lat="30.59498" lon="-9.67698">
    <name>TP2464</name>
  </trkpt>
  <trkpt lat="30.59497" lon="-9.67707">
    <name>TP2465</name>
  </trkpt>
  <trkpt lat="30.59494" lon="-9.67731">
    <name>TP2466</name>
  </trkpt>
  <trkpt lat="30.59485" lon="-9.67756">
    <name>TP2467</name>
  </trkpt>
  <trkpt lat="30.59475" lon="-9.67792">
    <name>TP2468</name>
  </trkpt>
  <trkpt lat="30.59475" lon="-9.67794">
    <name>TP2469</name>
  </trkpt>
  <trkpt lat="30.59474" lon="-9.67798">
    <name>TP2470</name>
  </trkpt>
  <trkpt lat="30.59474" lon="-9.67805">
    <name>TP2471</name>
  </trkpt>
  <trkpt lat="30.59477" lon="-9.67819">
    <name>TP2472</name>
  </trkpt>
  <trkpt lat="30.59482" lon="-9.67839">
    <name>TP2473</name>
  </trkpt>
  <trkpt lat="30.59483" lon="-9.67845">
    <name>TP2474</name>
  </trkpt>
  <trkpt lat="30.59484" lon="-9.67858">
    <name>TP2475</name>
  </trkpt>
  <trkpt lat="30.59483" lon="-9.6787">
    <name>TP2476</name>
  </trkpt>
  <trkpt lat="30.59481" lon="-9.67895">
    <name>TP2477</name>
  </trkpt>
  <trkpt lat="30.59481" lon="-9.67915">
    <name>TP2478</name>
  </trkpt>
  <trkpt lat="30.59481" lon="-9.67922">
    <name>TP2479</name>
  </trkpt>
  <trkpt lat="30.59481" lon="-9.67932">
    <name>TP2480</name>
  </trkpt>
  <trkpt lat="30.59482" lon="-9.67939">
    <name>TP2481</name>
  </trkpt>
  <trkpt lat="30.59483" lon="-9.67942">
    <name>TP2482</name>
  </trkpt>
  <trkpt lat="30.59484" lon="-9.67947">
    <name>TP2483</name>
  </trkpt>
  <trkpt lat="30.59488" lon="-9.67958">
    <name>TP2484</name>
  </trkpt>
  <trkpt lat="30.59489" lon="-9.67958">
    <name>TP2485</name>
  </trkpt>
  <trkpt lat="30.59498" lon="-9.67974">
    <name>TP2486</name>
  </trkpt>
  <trkpt lat="30.59509" lon="-9.67985">
    <name>TP2487</name>
  </trkpt>
  <trkpt lat="30.59523" lon="-9.68011">
    <name>TP2488</name>
  </trkpt>
  <trkpt lat="30.59535" lon="-9.68026">
    <name>TP2489</name>
  </trkpt>
  <trkpt lat="30.59546" lon="-9.6804">
    <name>TP2490</name>
  </trkpt>
  <trkpt lat="30.59557" lon="-9.68061">
    <name>TP2491</name>
  </trkpt>
  <trkpt lat="30.59563" lon="-9.68075">
    <name>TP2492</name>
  </trkpt>
  <trkpt lat="30.59574" lon="-9.68103">
    <name>TP2493</name>
  </trkpt>
  <trkpt lat="30.59581" lon="-9.68134">
    <name>TP2494</name>
  </trkpt>
  <trkpt lat="30.59582" lon="-9.68138">
    <name>TP2495</name>
  </trkpt>
  <trkpt lat="30.59588" lon="-9.68166">
    <name>TP2496</name>
  </trkpt>
  <trkpt lat="30.59596" lon="-9.68198">
    <name>TP2497</name>
  </trkpt>
  <trkpt lat="30.59604" lon="-9.6823">
    <name>TP2498</name>
  </trkpt>
  <trkpt lat="30.59613" lon="-9.68254">
    <name>TP2499</name>
  </trkpt>
  <trkpt lat="30.59615" lon="-9.68261">
    <name>TP2500</name>
  </trkpt>
  <trkpt lat="30.59621" lon="-9.68272">
    <name>TP2501</name>
  </trkpt>
  <trkpt lat="30.59623" lon="-9.68275">
    <name>TP2502</name>
  </trkpt>
  <trkpt lat="30.5964" lon="-9.68309">
    <name>TP2503</name>
  </trkpt>
  <trkpt lat="30.59653" lon="-9.68327">
    <name>TP2504</name>
  </trkpt>
  <trkpt lat="30.59658" lon="-9.68335">
    <name>TP2505</name>
  </trkpt>
  <trkpt lat="30.59668" lon="-9.68347">
    <name>TP2506</name>
  </trkpt>
  <trkpt lat="30.59678" lon="-9.68357">
    <name>TP2507</name>
  </trkpt>
  <trkpt lat="30.5969" lon="-9.68367">
    <name>TP2508</name>
  </trkpt>
  <trkpt lat="30.59692" lon="-9.6837">
    <name>TP2509</name>
  </trkpt>
  <trkpt lat="30.59703" lon="-9.6838">
    <name>TP2510</name>
  </trkpt>
  <trkpt lat="30.59718" lon="-9.68393">
    <name>TP2511</name>
  </trkpt>
  <trkpt lat="30.59735" lon="-9.68408">
    <name>TP2512</name>
  </trkpt>
  <trkpt lat="30.59746" lon="-9.68419">
    <name>TP2513</name>
  </trkpt>
  <trkpt lat="30.59749" lon="-9.68421">
    <name>TP2514</name>
  </trkpt>
  <trkpt lat="30.59777" lon="-9.68447">
    <name>TP2515</name>
  </trkpt>
  <trkpt lat="30.59778" lon="-9.68448">
    <name>TP2516</name>
  </trkpt>
  <trkpt lat="30.59788" lon="-9.68452">
    <name>TP2517</name>
  </trkpt>
  <trkpt lat="30.59791" lon="-9.68453">
    <name>TP2518</name>
  </trkpt>
  <trkpt lat="30.59794" lon="-9.68455">
    <name>TP2519</name>
  </trkpt>
  <trkpt lat="30.59798" lon="-9.68457">
    <name>TP2520</name>
  </trkpt>
  <trkpt lat="30.59812" lon="-9.68461">
    <name>TP2521</name>
  </trkpt>
  <trkpt lat="30.59823" lon="-9.68468">
    <name>TP2522</name>
  </trkpt>
  <trkpt lat="30.59831" lon="-9.68477">
    <name>TP2523</name>
  </trkpt>
  <trkpt lat="30.59836" lon="-9.68489">
    <name>TP2524</name>
  </trkpt>
  <trkpt lat="30.59842" lon="-9.68501">
    <name>TP2525</name>
  </trkpt>
  <trkpt lat="30.59843" lon="-9.68504">
    <name>TP2526</name>
  </trkpt>
  <trkpt lat="30.59844" lon="-9.68507">
    <name>TP2527</name>
  </trkpt>
  <trkpt lat="30.59854" lon="-9.68542">
    <name>TP2528</name>
  </trkpt>
  <trkpt lat="30.59855" lon="-9.68547">
    <name>TP2529</name>
  </trkpt>
  <trkpt lat="30.59861" lon="-9.68567">
    <name>TP2530</name>
  </trkpt>
  <trkpt lat="30.59864" lon="-9.68578">
    <name>TP2531</name>
  </trkpt>
  <trkpt lat="30.59865" lon="-9.68583">
    <name>TP2532</name>
  </trkpt>
  <trkpt lat="30.59866" lon="-9.68587">
    <name>TP2533</name>
  </trkpt>
  <trkpt lat="30.59875" lon="-9.68628">
    <name>TP2534</name>
  </trkpt>
  <trkpt lat="30.59879" lon="-9.68641">
    <name>TP2535</name>
  </trkpt>
  <trkpt lat="30.59881" lon="-9.68647">
    <name>TP2536</name>
  </trkpt>
  <trkpt lat="30.59887" lon="-9.68671">
    <name>TP2537</name>
  </trkpt>
  <trkpt lat="30.59895" lon="-9.68699">
    <name>TP2538</name>
  </trkpt>
  <trkpt lat="30.59896" lon="-9.68703">
    <name>TP2539</name>
  </trkpt>
  <trkpt lat="30.59897" lon="-9.68707">
    <name>TP2540</name>
  </trkpt>
  <trkpt lat="30.59898" lon="-9.6871">
    <name>TP2541</name>
  </trkpt>
  <trkpt lat="30.599" lon="-9.68729">
    <name>TP2542</name>
  </trkpt>
  <trkpt lat="30.59902" lon="-9.68747">
    <name>TP2543</name>
  </trkpt>
  <trkpt lat="30.59908" lon="-9.68773">
    <name>TP2544</name>
  </trkpt>
  <trkpt lat="30.5991" lon="-9.68785">
    <name>TP2545</name>
  </trkpt>
  <trkpt lat="30.59913" lon="-9.68799">
    <name>TP2546</name>
  </trkpt>
  <trkpt lat="30.59914" lon="-9.68809">
    <name>TP2547</name>
  </trkpt>
  <trkpt lat="30.59917" lon="-9.6883">
    <name>TP2548</name>
  </trkpt>
  <trkpt lat="30.59918" lon="-9.68833">
    <name>TP2549</name>
  </trkpt>
  <trkpt lat="30.59919" lon="-9.68845">
    <name>TP2550</name>
  </trkpt>
  <trkpt lat="30.59918" lon="-9.68847">
    <name>TP2551</name>
  </trkpt>
  <trkpt lat="30.59918" lon="-9.68851">
    <name>TP2552</name>
  </trkpt>
  <trkpt lat="30.59917" lon="-9.6886">
    <name>TP2553</name>
  </trkpt>
  <trkpt lat="30.59915" lon="-9.68878">
    <name>TP2554</name>
  </trkpt>
  <trkpt lat="30.59914" lon="-9.68906">
    <name>TP2555</name>
  </trkpt>
  <trkpt lat="30.59916" lon="-9.6892">
    <name>TP2556</name>
  </trkpt>
  <trkpt lat="30.59918" lon="-9.68934">
    <name>TP2557</name>
  </trkpt>
  <trkpt lat="30.59921" lon="-9.6895">
    <name>TP2558</name>
  </trkpt>
  <trkpt lat="30.59926" lon="-9.68961">
    <name>TP2559</name>
  </trkpt>
  <trkpt lat="30.59927" lon="-9.68969">
    <name>TP2560</name>
  </trkpt>
  <trkpt lat="30.59927" lon="-9.68974">
    <name>TP2561</name>
  </trkpt>
  <trkpt lat="30.59926" lon="-9.6898">
    <name>TP2562</name>
  </trkpt>
  <trkpt lat="30.5992" lon="-9.68996">
    <name>TP2563</name>
  </trkpt>
  <trkpt lat="30.59914" lon="-9.69011">
    <name>TP2564</name>
  </trkpt>
  <trkpt lat="30.59911" lon="-9.69025">
    <name>TP2565</name>
  </trkpt>
  <trkpt lat="30.59911" lon="-9.69035">
    <name>TP2566</name>
  </trkpt>
  <trkpt lat="30.59913" lon="-9.69055">
    <name>TP2567</name>
  </trkpt>
  <trkpt lat="30.59913" lon="-9.6907">
    <name>TP2568</name>
  </trkpt>
  <trkpt lat="30.59912" lon="-9.69074">
    <name>TP2569</name>
  </trkpt>
  <trkpt lat="30.59909" lon="-9.69095">
    <name>TP2570</name>
  </trkpt>
  <trkpt lat="30.59909" lon="-9.691">
    <name>TP2571</name>
  </trkpt>
  <trkpt lat="30.59909" lon="-9.6911">
    <name>TP2572</name>
  </trkpt>
  <trkpt lat="30.5991" lon="-9.69119">
    <name>TP2573</name>
  </trkpt>
  <trkpt lat="30.59916" lon="-9.69131">
    <name>TP2574</name>
  </trkpt>
  <trkpt lat="30.59925" lon="-9.69153">
    <name>TP2575</name>
  </trkpt>
  <trkpt lat="30.59933" lon="-9.69181">
    <name>TP2576</name>
  </trkpt>
  <trkpt lat="30.59935" lon="-9.69193">
    <name>TP2577</name>
  </trkpt>
  <trkpt lat="30.59938" lon="-9.69209">
    <name>TP2578</name>
  </trkpt>
  <trkpt lat="30.59938" lon="-9.69214">
    <name>TP2579</name>
  </trkpt>
  <trkpt lat="30.59941" lon="-9.69233">
    <name>TP2580</name>
  </trkpt>
  <trkpt lat="30.59947" lon="-9.69254">
    <name>TP2581</name>
  </trkpt>
  <trkpt lat="30.5995" lon="-9.69266">
    <name>TP2582</name>
  </trkpt>
  <trkpt lat="30.59959" lon="-9.6929">
    <name>TP2583</name>
  </trkpt>
  <trkpt lat="30.59962" lon="-9.693">
    <name>TP2584</name>
  </trkpt>
  <trkpt lat="30.59974" lon="-9.69321">
    <name>TP2585</name>
  </trkpt>
  <trkpt lat="30.59983" lon="-9.6935">
    <name>TP2586</name>
  </trkpt>
  <trkpt lat="30.59988" lon="-9.69366">
    <name>TP2587</name>
  </trkpt>
  <trkpt lat="30.59988" lon="-9.6937">
    <name>TP2588</name>
  </trkpt>
  <trkpt lat="30.59996" lon="-9.69409">
    <name>TP2589</name>
  </trkpt>
  <trkpt lat="30.59996" lon="-9.6941">
    <name>TP2590</name>
  </trkpt>
  <trkpt lat="30.59997" lon="-9.69427">
    <name>TP2591</name>
  </trkpt>
  <trkpt lat="30.59998" lon="-9.69431">
    <name>TP2592</name>
  </trkpt>
  <trkpt lat="30.59999" lon="-9.69448">
    <name>TP2593</name>
  </trkpt>
  <trkpt lat="30.60001" lon="-9.69473">
    <name>TP2594</name>
  </trkpt>
  <trkpt lat="30.600012" lon="-9.6947278">
    <name>TP2595</name>
  </trkpt>
  <trkpt lat="30.59972" lon="-9.69481">
    <name>TP2596</name>
  </trkpt>
  <trkpt lat="30.59955" lon="-9.69486">
    <name>TP2597</name>
  </trkpt>
  <trkpt lat="30.59949" lon="-9.69487">
    <name>TP2598</name>
  </trkpt>
  <trkpt lat="30.59947" lon="-9.69488">
    <name>TP2599</name>
  </trkpt>
  <trkpt lat="30.59946" lon="-9.69488">
    <name>TP2600</name>
  </trkpt>
  <trkpt lat="30.59944" lon="-9.69489">
    <name>TP2601</name>
  </trkpt>
  <trkpt lat="30.5994401" lon="-9.6948925">
    <name>TP2602</name>
  </trkpt>
  <trkpt lat="30.5994401" lon="-9.6948925">
    <name>TP2603</name>
  </trkpt>
  <trkpt lat="30.59946" lon="-9.69488">
    <name>TP2604</name>
  </trkpt>
  <trkpt lat="30.59947" lon="-9.69488">
    <name>TP2605</name>
  </trkpt>
  <trkpt lat="30.59949" lon="-9.69487">
    <name>TP2606</name>
  </trkpt>
  <trkpt lat="30.59955" lon="-9.69486">
    <name>TP2607</name>
  </trkpt>
  <trkpt lat="30.59972" lon="-9.69481">
    <name>TP2608</name>
  </trkpt>
  <trkpt lat="30.60001" lon="-9.69473">
    <name>TP2609</name>
  </trkpt>
  <trkpt lat="30.600012" lon="-9.6947278">
    <name>TP2610</name>
  </trkpt>
  <trkpt lat="30.60004" lon="-9.69502">
    <name>TP2611</name>
  </trkpt>
  <trkpt lat="30.60004" lon="-9.69511">
    <name>TP2612</name>
  </trkpt>
  <trkpt lat="30.60005" lon="-9.69514">
    <name>TP2613</name>
  </trkpt>
  <trkpt lat="30.60005" lon="-9.69522">
    <name>TP2614</name>
  </trkpt>
  <trkpt lat="30.60003" lon="-9.69534">
    <name>TP2615</name>
  </trkpt>
  <trkpt lat="30.59998" lon="-9.69545">
    <name>TP2616</name>
  </trkpt>
  <trkpt lat="30.59987" lon="-9.69564">
    <name>TP2617</name>
  </trkpt>
  <trkpt lat="30.59971" lon="-9.69585">
    <name>TP2618</name>
  </trkpt>
  <trkpt lat="30.59962" lon="-9.69596">
    <name>TP2619</name>
  </trkpt>
  <trkpt lat="30.59961" lon="-9.69598">
    <name>TP2620</name>
  </trkpt>
  <trkpt lat="30.59958" lon="-9.69605">
    <name>TP2621</name>
  </trkpt>
  <trkpt lat="30.59956" lon="-9.69617">
    <name>TP2622</name>
  </trkpt>
  <trkpt lat="30.59956" lon="-9.69619">
    <name>TP2623</name>
  </trkpt>
  <trkpt lat="30.59957" lon="-9.69629">
    <name>TP2624</name>
  </trkpt>
  <trkpt lat="30.59955" lon="-9.69641">
    <name>TP2625</name>
  </trkpt>
  <trkpt lat="30.5995" lon="-9.6965">
    <name>TP2626</name>
  </trkpt>
  <trkpt lat="30.59949" lon="-9.69651">
    <name>TP2627</name>
  </trkpt>
  <trkpt lat="30.59948" lon="-9.69653">
    <name>TP2628</name>
  </trkpt>
  <trkpt lat="30.59946" lon="-9.69656">
    <name>TP2629</name>
  </trkpt>
  <trkpt lat="30.59942" lon="-9.69662">
    <name>TP2630</name>
  </trkpt>
  <trkpt lat="30.59923" lon="-9.69676">
    <name>TP2631</name>
  </trkpt>
  <trkpt lat="30.59917" lon="-9.69683">
    <name>TP2632</name>
  </trkpt>
  <trkpt lat="30.59917" lon="-9.69693">
    <name>TP2633</name>
  </trkpt>
  <trkpt lat="30.59918" lon="-9.69705">
    <name>TP2634</name>
  </trkpt>
  <trkpt lat="30.59922" lon="-9.69736">
    <name>TP2635</name>
  </trkpt>
  <trkpt lat="30.59923" lon="-9.69738">
    <name>TP2636</name>
  </trkpt>
  <trkpt lat="30.59923" lon="-9.69743">
    <name>TP2637</name>
  </trkpt>
  <trkpt lat="30.59925" lon="-9.69756">
    <name>TP2638</name>
  </trkpt>
  <trkpt lat="30.59929" lon="-9.69777">
    <name>TP2639</name>
  </trkpt>
  <trkpt lat="30.59931" lon="-9.69788">
    <name>TP2640</name>
  </trkpt>
  <trkpt lat="30.59936" lon="-9.69799">
    <name>TP2641</name>
  </trkpt>
  <trkpt lat="30.59942" lon="-9.69807">
    <name>TP2642</name>
  </trkpt>
  <trkpt lat="30.59948" lon="-9.69808">
    <name>TP2643</name>
  </trkpt>
  <trkpt lat="30.59952" lon="-9.69809">
    <name>TP2644</name>
  </trkpt>
  <trkpt lat="30.59972" lon="-9.69817">
    <name>TP2645</name>
  </trkpt>
  <trkpt lat="30.59982" lon="-9.69821">
    <name>TP2646</name>
  </trkpt>
  <trkpt lat="30.59985" lon="-9.69823">
    <name>TP2647</name>
  </trkpt>
  <trkpt lat="30.59988" lon="-9.69825">
    <name>TP2648</name>
  </trkpt>
  <trkpt lat="30.59992" lon="-9.69828">
    <name>TP2649</name>
  </trkpt>
  <trkpt lat="30.59995" lon="-9.69838">
    <name>TP2650</name>
  </trkpt>
  <trkpt lat="30.59995" lon="-9.69842">
    <name>TP2651</name>
  </trkpt>
  <trkpt lat="30.59996" lon="-9.69847">
    <name>TP2652</name>
  </trkpt>
  <trkpt lat="30.59992" lon="-9.69858">
    <name>TP2653</name>
  </trkpt>
  <trkpt lat="30.59982" lon="-9.69873">
    <name>TP2654</name>
  </trkpt>
  <trkpt lat="30.59976" lon="-9.69886">
    <name>TP2655</name>
  </trkpt>
  <trkpt lat="30.59972" lon="-9.69895">
    <name>TP2656</name>
  </trkpt>
  <trkpt lat="30.59972" lon="-9.69905">
    <name>TP2657</name>
  </trkpt>
  <trkpt lat="30.59975" lon="-9.6991">
    <name>TP2658</name>
  </trkpt>
  <trkpt lat="30.59979" lon="-9.69915">
    <name>TP2659</name>
  </trkpt>
  <trkpt lat="30.59987" lon="-9.69925">
    <name>TP2660</name>
  </trkpt>
  <trkpt lat="30.59988" lon="-9.69925">
    <name>TP2661</name>
  </trkpt>
  <trkpt lat="30.59991" lon="-9.69931">
    <name>TP2662</name>
  </trkpt>
  <trkpt lat="30.59998" lon="-9.69942">
    <name>TP2663</name>
  </trkpt>
  <trkpt lat="30.59999" lon="-9.69944">
    <name>TP2664</name>
  </trkpt>
  <trkpt lat="30.60006" lon="-9.69958">
    <name>TP2665</name>
  </trkpt>
  <trkpt lat="30.60011" lon="-9.69968">
    <name>TP2666</name>
  </trkpt>
  <trkpt lat="30.60012" lon="-9.69977">
    <name>TP2667</name>
  </trkpt>
  <trkpt lat="30.6001" lon="-9.69987">
    <name>TP2668</name>
  </trkpt>
  <trkpt lat="30.60008" lon="-9.69996">
    <name>TP2669</name>
  </trkpt>
  <trkpt lat="30.60008" lon="-9.7">
    <name>TP2670</name>
  </trkpt>
  <trkpt lat="30.60001" lon="-9.70027">
    <name>TP2671</name>
  </trkpt>
  <trkpt lat="30.59996" lon="-9.7005">
    <name>TP2672</name>
  </trkpt>
  <trkpt lat="30.59994" lon="-9.7006">
    <name>TP2673</name>
  </trkpt>
  <trkpt lat="30.59993" lon="-9.70068">
    <name>TP2674</name>
  </trkpt>
  <trkpt lat="30.59991" lon="-9.70083">
    <name>TP2675</name>
  </trkpt>
  <trkpt lat="30.59991" lon="-9.70089">
    <name>TP2676</name>
  </trkpt>
  <trkpt lat="30.5999" lon="-9.70102">
    <name>TP2677</name>
  </trkpt>
  <trkpt lat="30.59989" lon="-9.7015">
    <name>TP2678</name>
  </trkpt>
  <trkpt lat="30.59988" lon="-9.70185">
    <name>TP2679</name>
  </trkpt>
  <trkpt lat="30.59988" lon="-9.70188">
    <name>TP2680</name>
  </trkpt>
  <trkpt lat="30.59987" lon="-9.70193">
    <name>TP2681</name>
  </trkpt>
  <trkpt lat="30.59987" lon="-9.70206">
    <name>TP2682</name>
  </trkpt>
  <trkpt lat="30.59983" lon="-9.70284">
    <name>TP2683</name>
  </trkpt>
  <trkpt lat="30.59983" lon="-9.7029">
    <name>TP2684</name>
  </trkpt>
  <trkpt lat="30.59983" lon="-9.70297">
    <name>TP2685</name>
  </trkpt>
  <trkpt lat="30.59983" lon="-9.70306">
    <name>TP2686</name>
  </trkpt>
  <trkpt lat="30.59981" lon="-9.7031">
    <name>TP2687</name>
  </trkpt>
  <trkpt lat="30.59981" lon="-9.70312">
    <name>TP2688</name>
  </trkpt>
  <trkpt lat="30.59979" lon="-9.70319">
    <name>TP2689</name>
  </trkpt>
  <trkpt lat="30.59971" lon="-9.70326">
    <name>TP2690</name>
  </trkpt>
  <trkpt lat="30.59966" lon="-9.70331">
    <name>TP2691</name>
  </trkpt>
  <trkpt lat="30.59951" lon="-9.70344">
    <name>TP2692</name>
  </trkpt>
  <trkpt lat="30.5994" lon="-9.70349">
    <name>TP2693</name>
  </trkpt>
  <trkpt lat="30.59936" lon="-9.7035">
    <name>TP2694</name>
  </trkpt>
  <trkpt lat="30.59929" lon="-9.70353">
    <name>TP2695</name>
  </trkpt>
  <trkpt lat="30.59913" lon="-9.70359">
    <name>TP2696</name>
  </trkpt>
  <trkpt lat="30.59904" lon="-9.70367">
    <name>TP2697</name>
  </trkpt>
  <trkpt lat="30.59896" lon="-9.70375">
    <name>TP2698</name>
  </trkpt>
  <trkpt lat="30.59885" lon="-9.70386">
    <name>TP2699</name>
  </trkpt>
  <trkpt lat="30.59881" lon="-9.70397">
    <name>TP2700</name>
  </trkpt>
  <trkpt lat="30.59881" lon="-9.70407">
    <name>TP2701</name>
  </trkpt>
  <trkpt lat="30.59879" lon="-9.70435">
    <name>TP2702</name>
  </trkpt>
  <trkpt lat="30.59875" lon="-9.7047">
    <name>TP2703</name>
  </trkpt>
  <trkpt lat="30.59874" lon="-9.70481">
    <name>TP2704</name>
  </trkpt>
  <trkpt lat="30.59871" lon="-9.7052">
    <name>TP2705</name>
  </trkpt>
  <trkpt lat="30.5987" lon="-9.70567">
    <name>TP2706</name>
  </trkpt>
  <trkpt lat="30.59868" lon="-9.70585">
    <name>TP2707</name>
  </trkpt>
  <trkpt lat="30.59867" lon="-9.70596">
    <name>TP2708</name>
  </trkpt>
  <trkpt lat="30.59866" lon="-9.706">
    <name>TP2709</name>
  </trkpt>
  <trkpt lat="30.59866" lon="-9.70602">
    <name>TP2710</name>
  </trkpt>
  <trkpt lat="30.59864" lon="-9.70629">
    <name>TP2711</name>
  </trkpt>
  <trkpt lat="30.59864" lon="-9.70631">
    <name>TP2712</name>
  </trkpt>
  <trkpt lat="30.59864" lon="-9.70665">
    <name>TP2713</name>
  </trkpt>
  <trkpt lat="30.59863" lon="-9.70687">
    <name>TP2714</name>
  </trkpt>
  <trkpt lat="30.59862" lon="-9.70722">
    <name>TP2715</name>
  </trkpt>
  <trkpt lat="30.59861" lon="-9.70755">
    <name>TP2716</name>
  </trkpt>
  <trkpt lat="30.59857" lon="-9.70767">
    <name>TP2717</name>
  </trkpt>
  <trkpt lat="30.59856" lon="-9.70768">
    <name>TP2718</name>
  </trkpt>
  <trkpt lat="30.59853" lon="-9.70773">
    <name>TP2719</name>
  </trkpt>
  <trkpt lat="30.5985" lon="-9.70778">
    <name>TP2720</name>
  </trkpt>
  <trkpt lat="30.5985" lon="-9.70787">
    <name>TP2721</name>
  </trkpt>
  <trkpt lat="30.59849" lon="-9.70793">
    <name>TP2722</name>
  </trkpt>
  <trkpt lat="30.59851" lon="-9.70825">
    <name>TP2723</name>
  </trkpt>
  <trkpt lat="30.59858" lon="-9.70875">
    <name>TP2724</name>
  </trkpt>
  <trkpt lat="30.59859" lon="-9.70885">
    <name>TP2725</name>
  </trkpt>
  <trkpt lat="30.5986" lon="-9.7089">
    <name>TP2726</name>
  </trkpt>
  <trkpt lat="30.59865" lon="-9.70959">
    <name>TP2727</name>
  </trkpt>
  <trkpt lat="30.59865" lon="-9.7096">
    <name>TP2728</name>
  </trkpt>
  <trkpt lat="30.59868" lon="-9.70992">
    <name>TP2729</name>
  </trkpt>
  <trkpt lat="30.59874" lon="-9.71058">
    <name>TP2730</name>
  </trkpt>
  <trkpt lat="30.59875" lon="-9.71063">
    <name>TP2731</name>
  </trkpt>
  <trkpt lat="30.59882" lon="-9.71127">
    <name>TP2732</name>
  </trkpt>
  <trkpt lat="30.59882" lon="-9.71136">
    <name>TP2733</name>
  </trkpt>
  <trkpt lat="30.59881" lon="-9.71166">
    <name>TP2734</name>
  </trkpt>
  <trkpt lat="30.59881" lon="-9.71184">
    <name>TP2735</name>
  </trkpt>
  <trkpt lat="30.59876" lon="-9.71215">
    <name>TP2736</name>
  </trkpt>
  <trkpt lat="30.59867" lon="-9.71248">
    <name>TP2737</name>
  </trkpt>
  <trkpt lat="30.59863" lon="-9.71258">
    <name>TP2738</name>
  </trkpt>
  <trkpt lat="30.5985" lon="-9.71288">
    <name>TP2739</name>
  </trkpt>
  <trkpt lat="30.59846" lon="-9.71305">
    <name>TP2740</name>
  </trkpt>
  <trkpt lat="30.59846" lon="-9.71316">
    <name>TP2741</name>
  </trkpt>
  <trkpt lat="30.59846" lon="-9.7132">
    <name>TP2742</name>
  </trkpt>
  <trkpt lat="30.59848" lon="-9.71334">
    <name>TP2743</name>
  </trkpt>
  <trkpt lat="30.59849" lon="-9.71337">
    <name>TP2744</name>
  </trkpt>
  <trkpt lat="30.59859" lon="-9.71372">
    <name>TP2745</name>
  </trkpt>
  <trkpt lat="30.5986" lon="-9.71383">
    <name>TP2746</name>
  </trkpt>
  <trkpt lat="30.59862" lon="-9.71399">
    <name>TP2747</name>
  </trkpt>
  <trkpt lat="30.59862" lon="-9.71418">
    <name>TP2748</name>
  </trkpt>
  <trkpt lat="30.59861" lon="-9.71456">
    <name>TP2749</name>
  </trkpt>
  <trkpt lat="30.59861" lon="-9.71473">
    <name>TP2750</name>
  </trkpt>
  <trkpt lat="30.59863" lon="-9.71508">
    <name>TP2751</name>
  </trkpt>
  <trkpt lat="30.59864" lon="-9.71522">
    <name>TP2752</name>
  </trkpt>
  <trkpt lat="30.59863" lon="-9.71522">
    <name>TP2753</name>
  </trkpt>
  <trkpt lat="30.59861" lon="-9.71532">
    <name>TP2754</name>
  </trkpt>
  <trkpt lat="30.59844" lon="-9.71582">
    <name>TP2755</name>
  </trkpt>
  <trkpt lat="30.59837" lon="-9.71602">
    <name>TP2756</name>
  </trkpt>
  <trkpt lat="30.59829" lon="-9.71627">
    <name>TP2757</name>
  </trkpt>
  <trkpt lat="30.59825" lon="-9.71641">
    <name>TP2758</name>
  </trkpt>
  <trkpt lat="30.59816" lon="-9.71678">
    <name>TP2759</name>
  </trkpt>
  <trkpt lat="30.59811" lon="-9.71701">
    <name>TP2760</name>
  </trkpt>
  <trkpt lat="30.59807" lon="-9.71722">
    <name>TP2761</name>
  </trkpt>
  <trkpt lat="30.59804" lon="-9.71735">
    <name>TP2762</name>
  </trkpt>
  <trkpt lat="30.59785" lon="-9.71819">
    <name>TP2763</name>
  </trkpt>
  <trkpt lat="30.59773" lon="-9.7185">
    <name>TP2764</name>
  </trkpt>
  <trkpt lat="30.5977" lon="-9.71861">
    <name>TP2765</name>
  </trkpt>
  <trkpt lat="30.59764" lon="-9.7188">
    <name>TP2766</name>
  </trkpt>
  <trkpt lat="30.59758" lon="-9.719">
    <name>TP2767</name>
  </trkpt>
  <trkpt lat="30.59755" lon="-9.71907">
    <name>TP2768</name>
  </trkpt>
  <trkpt lat="30.59752" lon="-9.7192">
    <name>TP2769</name>
  </trkpt>
  <trkpt lat="30.59746" lon="-9.71942">
    <name>TP2770</name>
  </trkpt>
  <trkpt lat="30.59744" lon="-9.71953">
    <name>TP2771</name>
  </trkpt>
  <trkpt lat="30.59744" lon="-9.71976">
    <name>TP2772</name>
  </trkpt>
  <trkpt lat="30.59747" lon="-9.71996">
    <name>TP2773</name>
  </trkpt>
  <trkpt lat="30.59748" lon="-9.72001">
    <name>TP2774</name>
  </trkpt>
  <trkpt lat="30.5975" lon="-9.72026">
    <name>TP2775</name>
  </trkpt>
  <trkpt lat="30.59753" lon="-9.72042">
    <name>TP2776</name>
  </trkpt>
  <trkpt lat="30.59757" lon="-9.72058">
    <name>TP2777</name>
  </trkpt>
  <trkpt lat="30.59761" lon="-9.72068">
    <name>TP2778</name>
  </trkpt>
  <trkpt lat="30.59764" lon="-9.72076">
    <name>TP2779</name>
  </trkpt>
  <trkpt lat="30.59772" lon="-9.72096">
    <name>TP2780</name>
  </trkpt>
  <trkpt lat="30.59774" lon="-9.72103">
    <name>TP2781</name>
  </trkpt>
  <trkpt lat="30.59776" lon="-9.7211">
    <name>TP2782</name>
  </trkpt>
  <trkpt lat="30.59776" lon="-9.72114">
    <name>TP2783</name>
  </trkpt>
  <trkpt lat="30.59776" lon="-9.72119">
    <name>TP2784</name>
  </trkpt>
  <trkpt lat="30.59774" lon="-9.72129">
    <name>TP2785</name>
  </trkpt>
  <trkpt lat="30.59766" lon="-9.7214">
    <name>TP2786</name>
  </trkpt>
  <trkpt lat="30.59755" lon="-9.72157">
    <name>TP2787</name>
  </trkpt>
  <trkpt lat="30.59741" lon="-9.72172">
    <name>TP2788</name>
  </trkpt>
  <trkpt lat="30.59717" lon="-9.72196">
    <name>TP2789</name>
  </trkpt>
  <trkpt lat="30.59704" lon="-9.72213">
    <name>TP2790</name>
  </trkpt>
  <trkpt lat="30.59693" lon="-9.72231">
    <name>TP2791</name>
  </trkpt>
  <trkpt lat="30.59692" lon="-9.72231">
    <name>TP2792</name>
  </trkpt>
  <trkpt lat="30.59672" lon="-9.72258">
    <name>TP2793</name>
  </trkpt>
  <trkpt lat="30.59664" lon="-9.72271">
    <name>TP2794</name>
  </trkpt>
  <trkpt lat="30.5966" lon="-9.72282">
    <name>TP2795</name>
  </trkpt>
  <trkpt lat="30.59657" lon="-9.72286">
    <name>TP2796</name>
  </trkpt>
  <trkpt lat="30.59657" lon="-9.72287">
    <name>TP2797</name>
  </trkpt>
  <trkpt lat="30.59657" lon="-9.72288">
    <name>TP2798</name>
  </trkpt>
  <trkpt lat="30.59651" lon="-9.72298">
    <name>TP2799</name>
  </trkpt>
  <trkpt lat="30.59651" lon="-9.72299">
    <name>TP2800</name>
  </trkpt>
  <trkpt lat="30.59651" lon="-9.723">
    <name>TP2801</name>
  </trkpt>
  <trkpt lat="30.5965" lon="-9.72309">
    <name>TP2802</name>
  </trkpt>
  <trkpt lat="30.5965" lon="-9.7232">
    <name>TP2803</name>
  </trkpt>
  <trkpt lat="30.5965" lon="-9.72325">
    <name>TP2804</name>
  </trkpt>
  <trkpt lat="30.59653" lon="-9.72346">
    <name>TP2805</name>
  </trkpt>
  <trkpt lat="30.59658" lon="-9.72366">
    <name>TP2806</name>
  </trkpt>
  <trkpt lat="30.59662" lon="-9.72386">
    <name>TP2807</name>
  </trkpt>
  <trkpt lat="30.59667" lon="-9.72406">
    <name>TP2808</name>
  </trkpt>
  <trkpt lat="30.59667" lon="-9.72407">
    <name>TP2809</name>
  </trkpt>
  <trkpt lat="30.59669" lon="-9.72419">
    <name>TP2810</name>
  </trkpt>
  <trkpt lat="30.59668" lon="-9.72422">
    <name>TP2811</name>
  </trkpt>
  <trkpt lat="30.59665" lon="-9.72449">
    <name>TP2812</name>
  </trkpt>
  <trkpt lat="30.5966" lon="-9.72483">
    <name>TP2813</name>
  </trkpt>
  <trkpt lat="30.59655" lon="-9.72525">
    <name>TP2814</name>
  </trkpt>
  <trkpt lat="30.59651" lon="-9.72548">
    <name>TP2815</name>
  </trkpt>
  <trkpt lat="30.59641" lon="-9.72579">
    <name>TP2816</name>
  </trkpt>
  <trkpt lat="30.59636" lon="-9.72596">
    <name>TP2817</name>
  </trkpt>
  <trkpt lat="30.59628" lon="-9.72621">
    <name>TP2818</name>
  </trkpt>
  <trkpt lat="30.59619" lon="-9.72656">
    <name>TP2819</name>
  </trkpt>
  <trkpt lat="30.59617" lon="-9.72676">
    <name>TP2820</name>
  </trkpt>
  <trkpt lat="30.59616" lon="-9.72683">
    <name>TP2821</name>
  </trkpt>
  <trkpt lat="30.59616" lon="-9.72747">
    <name>TP2822</name>
  </trkpt>
  <trkpt lat="30.59615" lon="-9.72759">
    <name>TP2823</name>
  </trkpt>
  <trkpt lat="30.59614" lon="-9.7278">
    <name>TP2824</name>
  </trkpt>
  <trkpt lat="30.59613" lon="-9.72801">
    <name>TP2825</name>
  </trkpt>
  <trkpt lat="30.59608" lon="-9.72849">
    <name>TP2826</name>
  </trkpt>
  <trkpt lat="30.59608" lon="-9.72885">
    <name>TP2827</name>
  </trkpt>
  <trkpt lat="30.59609" lon="-9.72904">
    <name>TP2828</name>
  </trkpt>
  <trkpt lat="30.59609" lon="-9.72924">
    <name>TP2829</name>
  </trkpt>
  <trkpt lat="30.59597" lon="-9.73051">
    <name>TP2830</name>
  </trkpt>
  <trkpt lat="30.59595" lon="-9.73064">
    <name>TP2831</name>
  </trkpt>
  <trkpt lat="30.59595" lon="-9.73072">
    <name>TP2832</name>
  </trkpt>
  <trkpt lat="30.59594" lon="-9.73083">
    <name>TP2833</name>
  </trkpt>
  <trkpt lat="30.59593" lon="-9.73089">
    <name>TP2834</name>
  </trkpt>
  <trkpt lat="30.59584" lon="-9.73144">
    <name>TP2835</name>
  </trkpt>
  <trkpt lat="30.59578" lon="-9.73174">
    <name>TP2836</name>
  </trkpt>
  <trkpt lat="30.59569" lon="-9.7322">
    <name>TP2837</name>
  </trkpt>
  <trkpt lat="30.59568" lon="-9.7324">
    <name>TP2838</name>
  </trkpt>
  <trkpt lat="30.59571" lon="-9.73252">
    <name>TP2839</name>
  </trkpt>
  <trkpt lat="30.59576" lon="-9.73261">
    <name>TP2840</name>
  </trkpt>
  <trkpt lat="30.59587" lon="-9.73275">
    <name>TP2841</name>
  </trkpt>
  <trkpt lat="30.59589" lon="-9.73279">
    <name>TP2842</name>
  </trkpt>
  <trkpt lat="30.5959" lon="-9.73285">
    <name>TP2843</name>
  </trkpt>
  <trkpt lat="30.5959" lon="-9.73291">
    <name>TP2844</name>
  </trkpt>
  <trkpt lat="30.5959" lon="-9.73293">
    <name>TP2845</name>
  </trkpt>
  <trkpt lat="30.59587" lon="-9.73302">
    <name>TP2846</name>
  </trkpt>
  <trkpt lat="30.59582" lon="-9.73309">
    <name>TP2847</name>
  </trkpt>
  <trkpt lat="30.59578" lon="-9.73313">
    <name>TP2848</name>
  </trkpt>
  <trkpt lat="30.59561" lon="-9.7334">
    <name>TP2849</name>
  </trkpt>
  <trkpt lat="30.59552" lon="-9.73355">
    <name>TP2850</name>
  </trkpt>
  <trkpt lat="30.59549" lon="-9.73366">
    <name>TP2851</name>
  </trkpt>
  <trkpt lat="30.59547" lon="-9.7337">
    <name>TP2852</name>
  </trkpt>
  <trkpt lat="30.59543" lon="-9.73382">
    <name>TP2853</name>
  </trkpt>
  <trkpt lat="30.59533" lon="-9.73404">
    <name>TP2854</name>
  </trkpt>
  <trkpt lat="30.59527" lon="-9.73416">
    <name>TP2855</name>
  </trkpt>
  <trkpt lat="30.59524" lon="-9.73422">
    <name>TP2856</name>
  </trkpt>
  <trkpt lat="30.59518" lon="-9.73435">
    <name>TP2857</name>
  </trkpt>
  <trkpt lat="30.59501" lon="-9.73469">
    <name>TP2858</name>
  </trkpt>
  <trkpt lat="30.59487" lon="-9.73493">
    <name>TP2859</name>
  </trkpt>
  <trkpt lat="30.59473" lon="-9.73516">
    <name>TP2860</name>
  </trkpt>
  <trkpt lat="30.59453" lon="-9.73551">
    <name>TP2861</name>
  </trkpt>
  <trkpt lat="30.5945" lon="-9.73557">
    <name>TP2862</name>
  </trkpt>
  <trkpt lat="30.59438" lon="-9.73575">
    <name>TP2863</name>
  </trkpt>
  <trkpt lat="30.59436" lon="-9.73579">
    <name>TP2864</name>
  </trkpt>
  <trkpt lat="30.59434" lon="-9.73587">
    <name>TP2865</name>
  </trkpt>
  <trkpt lat="30.59433" lon="-9.73587">
    <name>TP2866</name>
  </trkpt>
  <trkpt lat="30.59432" lon="-9.73601">
    <name>TP2867</name>
  </trkpt>
  <trkpt lat="30.59432" lon="-9.73613">
    <name>TP2868</name>
  </trkpt>
  <trkpt lat="30.59435" lon="-9.73631">
    <name>TP2869</name>
  </trkpt>
  <trkpt lat="30.59436" lon="-9.73646">
    <name>TP2870</name>
  </trkpt>
  <trkpt lat="30.59433" lon="-9.7366">
    <name>TP2871</name>
  </trkpt>
  <trkpt lat="30.59427" lon="-9.73673">
    <name>TP2872</name>
  </trkpt>
  <trkpt lat="30.59417" lon="-9.73686">
    <name>TP2873</name>
  </trkpt>
  <trkpt lat="30.59417" lon="-9.73687">
    <name>TP2874</name>
  </trkpt>
  <trkpt lat="30.59413" lon="-9.73691">
    <name>TP2875</name>
  </trkpt>
  <trkpt lat="30.59409" lon="-9.73696">
    <name>TP2876</name>
  </trkpt>
  <trkpt lat="30.59405" lon="-9.73702">
    <name>TP2877</name>
  </trkpt>
  <trkpt lat="30.59402" lon="-9.73707">
    <name>TP2878</name>
  </trkpt>
  <trkpt lat="30.59398" lon="-9.73712">
    <name>TP2879</name>
  </trkpt>
  <trkpt lat="30.59395" lon="-9.73717">
    <name>TP2880</name>
  </trkpt>
  <trkpt lat="30.59391" lon="-9.73722">
    <name>TP2881</name>
  </trkpt>
  <trkpt lat="30.59388" lon="-9.73727">
    <name>TP2882</name>
  </trkpt>
  <trkpt lat="30.59384" lon="-9.73733">
    <name>TP2883</name>
  </trkpt>
  <trkpt lat="30.59381" lon="-9.73738">
    <name>TP2884</name>
  </trkpt>
  <trkpt lat="30.59377" lon="-9.73743">
    <name>TP2885</name>
  </trkpt>
  <trkpt lat="30.59374" lon="-9.73748">
    <name>TP2886</name>
  </trkpt>
  <trkpt lat="30.5937" lon="-9.73754">
    <name>TP2887</name>
  </trkpt>
  <trkpt lat="30.59367" lon="-9.73759">
    <name>TP2888</name>
  </trkpt>
  <trkpt lat="30.59364" lon="-9.73765">
    <name>TP2889</name>
  </trkpt>
  <trkpt lat="30.59361" lon="-9.7377">
    <name>TP2890</name>
  </trkpt>
  <trkpt lat="30.59358" lon="-9.73776">
    <name>TP2891</name>
  </trkpt>
  <trkpt lat="30.59355" lon="-9.73782">
    <name>TP2892</name>
  </trkpt>
  <trkpt lat="30.59353" lon="-9.73786">
    <name>TP2893</name>
  </trkpt>
  <trkpt lat="30.59352" lon="-9.73787">
    <name>TP2894</name>
  </trkpt>
  <trkpt lat="30.59349" lon="-9.73793">
    <name>TP2895</name>
  </trkpt>
  <trkpt lat="30.59346" lon="-9.73798">
    <name>TP2896</name>
  </trkpt>
  <trkpt lat="30.59343" lon="-9.73804">
    <name>TP2897</name>
  </trkpt>
  <trkpt lat="30.5934" lon="-9.7381">
    <name>TP2898</name>
  </trkpt>
  <trkpt lat="30.59338" lon="-9.73815">
    <name>TP2899</name>
  </trkpt>
  <trkpt lat="30.59335" lon="-9.73821">
    <name>TP2900</name>
  </trkpt>
  <trkpt lat="30.59335" lon="-9.73822">
    <name>TP2901</name>
  </trkpt>
  <trkpt lat="30.59332" lon="-9.73827">
    <name>TP2902</name>
  </trkpt>
  <trkpt lat="30.5933" lon="-9.73833">
    <name>TP2903</name>
  </trkpt>
  <trkpt lat="30.59327" lon="-9.73839">
    <name>TP2904</name>
  </trkpt>
  <trkpt lat="30.59326" lon="-9.73841">
    <name>TP2905</name>
  </trkpt>
  <trkpt lat="30.59325" lon="-9.73845">
    <name>TP2906</name>
  </trkpt>
  <trkpt lat="30.59322" lon="-9.73851">
    <name>TP2907</name>
  </trkpt>
  <trkpt lat="30.5932" lon="-9.73857">
    <name>TP2908</name>
  </trkpt>
  <trkpt lat="30.59317" lon="-9.73863">
    <name>TP2909</name>
  </trkpt>
  <trkpt lat="30.59315" lon="-9.73869">
    <name>TP2910</name>
  </trkpt>
  <trkpt lat="30.59313" lon="-9.73875">
    <name>TP2911</name>
  </trkpt>
  <trkpt lat="30.59311" lon="-9.73879">
    <name>TP2912</name>
  </trkpt>
  <trkpt lat="30.59311" lon="-9.73881">
    <name>TP2913</name>
  </trkpt>
  <trkpt lat="30.59309" lon="-9.73887">
    <name>TP2914</name>
  </trkpt>
  <trkpt lat="30.59307" lon="-9.73893">
    <name>TP2915</name>
  </trkpt>
  <trkpt lat="30.59305" lon="-9.73899">
    <name>TP2916</name>
  </trkpt>
  <trkpt lat="30.59303" lon="-9.73906">
    <name>TP2917</name>
  </trkpt>
  <trkpt lat="30.59301" lon="-9.73912">
    <name>TP2918</name>
  </trkpt>
  <trkpt lat="30.59299" lon="-9.73918">
    <name>TP2919</name>
  </trkpt>
  <trkpt lat="30.59296" lon="-9.73924">
    <name>TP2920</name>
  </trkpt>
  <trkpt lat="30.59294" lon="-9.7393">
    <name>TP2921</name>
  </trkpt>
  <trkpt lat="30.59292" lon="-9.73936">
    <name>TP2922</name>
  </trkpt>
  <trkpt lat="30.59289" lon="-9.73942">
    <name>TP2923</name>
  </trkpt>
  <trkpt lat="30.59287" lon="-9.73948">
    <name>TP2924</name>
  </trkpt>
  <trkpt lat="30.59285" lon="-9.73954">
    <name>TP2925</name>
  </trkpt>
  <trkpt lat="30.59283" lon="-9.7396">
    <name>TP2926</name>
  </trkpt>
  <trkpt lat="30.5928" lon="-9.73966">
    <name>TP2927</name>
  </trkpt>
  <trkpt lat="30.59278" lon="-9.73972">
    <name>TP2928</name>
  </trkpt>
  <trkpt lat="30.59276" lon="-9.73978">
    <name>TP2929</name>
  </trkpt>
  <trkpt lat="30.59274" lon="-9.73984">
    <name>TP2930</name>
  </trkpt>
  <trkpt lat="30.59272" lon="-9.73991">
    <name>TP2931</name>
  </trkpt>
  <trkpt lat="30.59269" lon="-9.73997">
    <name>TP2932</name>
  </trkpt>
  <trkpt lat="30.59267" lon="-9.74003">
    <name>TP2933</name>
  </trkpt>
  <trkpt lat="30.59265" lon="-9.74009">
    <name>TP2934</name>
  </trkpt>
  <trkpt lat="30.59263" lon="-9.74015">
    <name>TP2935</name>
  </trkpt>
  <trkpt lat="30.59261" lon="-9.74021">
    <name>TP2936</name>
  </trkpt>
  <trkpt lat="30.59259" lon="-9.74027">
    <name>TP2937</name>
  </trkpt>
  <trkpt lat="30.59254" lon="-9.74038">
    <name>TP2938</name>
  </trkpt>
  <trkpt lat="30.59251" lon="-9.74044">
    <name>TP2939</name>
  </trkpt>
  <trkpt lat="30.59249" lon="-9.7405">
    <name>TP2940</name>
  </trkpt>
  <trkpt lat="30.59246" lon="-9.74056">
    <name>TP2941</name>
  </trkpt>
  <trkpt lat="30.59244" lon="-9.74062">
    <name>TP2942</name>
  </trkpt>
  <trkpt lat="30.59241" lon="-9.74067">
    <name>TP2943</name>
  </trkpt>
  <trkpt lat="30.59238" lon="-9.74073">
    <name>TP2944</name>
  </trkpt>
  <trkpt lat="30.59236" lon="-9.74079">
    <name>TP2945</name>
  </trkpt>
  <trkpt lat="30.59233" lon="-9.74085">
    <name>TP2946</name>
  </trkpt>
  <trkpt lat="30.59231" lon="-9.74091">
    <name>TP2947</name>
  </trkpt>
  <trkpt lat="30.59229" lon="-9.74097">
    <name>TP2948</name>
  </trkpt>
  <trkpt lat="30.59226" lon="-9.74103">
    <name>TP2949</name>
  </trkpt>
  <trkpt lat="30.59224" lon="-9.74109">
    <name>TP2950</name>
  </trkpt>
  <trkpt lat="30.59222" lon="-9.74115">
    <name>TP2951</name>
  </trkpt>
  <trkpt lat="30.59219" lon="-9.74121">
    <name>TP2952</name>
  </trkpt>
  <trkpt lat="30.59217" lon="-9.74127">
    <name>TP2953</name>
  </trkpt>
  <trkpt lat="30.59215" lon="-9.74133">
    <name>TP2954</name>
  </trkpt>
  <trkpt lat="30.59212" lon="-9.74139">
    <name>TP2955</name>
  </trkpt>
  <trkpt lat="30.5921" lon="-9.74145">
    <name>TP2956</name>
  </trkpt>
  <trkpt lat="30.59208" lon="-9.74151">
    <name>TP2957</name>
  </trkpt>
  <trkpt lat="30.59206" lon="-9.74157">
    <name>TP2958</name>
  </trkpt>
  <trkpt lat="30.59203" lon="-9.74163">
    <name>TP2959</name>
  </trkpt>
  <trkpt lat="30.59201" lon="-9.7417">
    <name>TP2960</name>
  </trkpt>
  <trkpt lat="30.59199" lon="-9.74176">
    <name>TP2961</name>
  </trkpt>
  <trkpt lat="30.59197" lon="-9.74182">
    <name>TP2962</name>
  </trkpt>
  <trkpt lat="30.59195" lon="-9.74188">
    <name>TP2963</name>
  </trkpt>
  <trkpt lat="30.59193" lon="-9.74194">
    <name>TP2964</name>
  </trkpt>
  <trkpt lat="30.59191" lon="-9.742">
    <name>TP2965</name>
  </trkpt>
  <trkpt lat="30.59189" lon="-9.74207">
    <name>TP2966</name>
  </trkpt>
  <trkpt lat="30.59188" lon="-9.74213">
    <name>TP2967</name>
  </trkpt>
  <trkpt lat="30.59186" lon="-9.74219">
    <name>TP2968</name>
  </trkpt>
  <trkpt lat="30.59184" lon="-9.74225">
    <name>TP2969</name>
  </trkpt>
  <trkpt lat="30.59181" lon="-9.74231">
    <name>TP2970</name>
  </trkpt>
  <trkpt lat="30.59179" lon="-9.74237">
    <name>TP2971</name>
  </trkpt>
  <trkpt lat="30.59176" lon="-9.74243">
    <name>TP2972</name>
  </trkpt>
  <trkpt lat="30.59174" lon="-9.74249">
    <name>TP2973</name>
  </trkpt>
  <trkpt lat="30.59171" lon="-9.74255">
    <name>TP2974</name>
  </trkpt>
  <trkpt lat="30.59168" lon="-9.7426">
    <name>TP2975</name>
  </trkpt>
  <trkpt lat="30.59165" lon="-9.74266">
    <name>TP2976</name>
  </trkpt>
  <trkpt lat="30.59161" lon="-9.74271">
    <name>TP2977</name>
  </trkpt>
  <trkpt lat="30.59153" lon="-9.74278">
    <name>TP2978</name>
  </trkpt>
  <trkpt lat="30.59138" lon="-9.7429">
    <name>TP2979</name>
  </trkpt>
  <trkpt lat="30.59118" lon="-9.74309">
    <name>TP2980</name>
  </trkpt>
  <trkpt lat="30.59097" lon="-9.74333">
    <name>TP2981</name>
  </trkpt>
  <trkpt lat="30.59079" lon="-9.74358">
    <name>TP2982</name>
  </trkpt>
  <trkpt lat="30.59054" lon="-9.74399">
    <name>TP2983</name>
  </trkpt>
  <trkpt lat="30.59039" lon="-9.74424">
    <name>TP2984</name>
  </trkpt>
  <trkpt lat="30.59016" lon="-9.74466">
    <name>TP2985</name>
  </trkpt>
  <trkpt lat="30.59006" lon="-9.74488">
    <name>TP2986</name>
  </trkpt>
  <trkpt lat="30.58997" lon="-9.74509">
    <name>TP2987</name>
  </trkpt>
  <trkpt lat="30.58991" lon="-9.74527">
    <name>TP2988</name>
  </trkpt>
  <trkpt lat="30.58982" lon="-9.74555">
    <name>TP2989</name>
  </trkpt>
  <trkpt lat="30.58973" lon="-9.7458">
    <name>TP2990</name>
  </trkpt>
  <trkpt lat="30.58968" lon="-9.74606">
    <name>TP2991</name>
  </trkpt>
  <trkpt lat="30.58965" lon="-9.74618">
    <name>TP2992</name>
  </trkpt>
  <trkpt lat="30.58957" lon="-9.7466">
    <name>TP2993</name>
  </trkpt>
  <trkpt lat="30.58937" lon="-9.74725">
    <name>TP2994</name>
  </trkpt>
  <trkpt lat="30.58937" lon="-9.74726">
    <name>TP2995</name>
  </trkpt>
  <trkpt lat="30.58913" lon="-9.74795">
    <name>TP2996</name>
  </trkpt>
  <trkpt lat="30.58868" lon="-9.74907">
    <name>TP2997</name>
  </trkpt>
  <trkpt lat="30.58843" lon="-9.74971">
    <name>TP2998</name>
  </trkpt>
  <trkpt lat="30.58829" lon="-9.75004">
    <name>TP2999</name>
  </trkpt>
  <trkpt lat="30.58828" lon="-9.75005">
    <name>TP3000</name>
  </trkpt>
  <trkpt lat="30.58825" lon="-9.75011">
    <name>TP3001</name>
  </trkpt>
  <trkpt lat="30.58799" lon="-9.75062">
    <name>TP3002</name>
  </trkpt>
  <trkpt lat="30.5877" lon="-9.75119">
    <name>TP3003</name>
  </trkpt>
  <trkpt lat="30.58757" lon="-9.75144">
    <name>TP3004</name>
  </trkpt>
  <trkpt lat="30.58747" lon="-9.75163">
    <name>TP3005</name>
  </trkpt>
  <trkpt lat="30.58725" lon="-9.75202">
    <name>TP3006</name>
  </trkpt>
  <trkpt lat="30.58716" lon="-9.75219">
    <name>TP3007</name>
  </trkpt>
  <trkpt lat="30.5871" lon="-9.7523">
    <name>TP3008</name>
  </trkpt>
  <trkpt lat="30.58696" lon="-9.75257">
    <name>TP3009</name>
  </trkpt>
  <trkpt lat="30.58678" lon="-9.75288">
    <name>TP3010</name>
  </trkpt>
  <trkpt lat="30.58668" lon="-9.75311">
    <name>TP3011</name>
  </trkpt>
  <trkpt lat="30.58631" lon="-9.75402">
    <name>TP3012</name>
  </trkpt>
  <trkpt lat="30.58623" lon="-9.7542">
    <name>TP3013</name>
  </trkpt>
  <trkpt lat="30.58599" lon="-9.75476">
    <name>TP3014</name>
  </trkpt>
  <trkpt lat="30.58553" lon="-9.7558">
    <name>TP3015</name>
  </trkpt>
  <trkpt lat="30.5855" lon="-9.75586">
    <name>TP3016</name>
  </trkpt>
  <trkpt lat="30.58549" lon="-9.75588">
    <name>TP3017</name>
  </trkpt>
  <trkpt lat="30.58529" lon="-9.75636">
    <name>TP3018</name>
  </trkpt>
  <trkpt lat="30.58528" lon="-9.75643">
    <name>TP3019</name>
  </trkpt>
  <trkpt lat="30.58527" lon="-9.75647">
    <name>TP3020</name>
  </trkpt>
  <trkpt lat="30.58521" lon="-9.75665">
    <name>TP3021</name>
  </trkpt>
  <trkpt lat="30.58517" lon="-9.75673">
    <name>TP3022</name>
  </trkpt>
  <trkpt lat="30.58513" lon="-9.7568">
    <name>TP3023</name>
  </trkpt>
  <trkpt lat="30.5851271" lon="-9.7567975">
    <name>TP3024</name>
  </trkpt>
  <trkpt lat="30.58521" lon="-9.75691">
    <name>TP3025</name>
  </trkpt>
  <trkpt lat="30.5855" lon="-9.75729">
    <name>TP3026</name>
  </trkpt>
  <trkpt lat="30.58574" lon="-9.75762">
    <name>TP3027</name>
  </trkpt>
  <trkpt lat="30.58578" lon="-9.75768">
    <name>TP3028</name>
  </trkpt>
  <trkpt lat="30.58601" lon="-9.75802">
    <name>TP3029</name>
  </trkpt>
  <trkpt lat="30.58606" lon="-9.75808">
    <name>TP3030</name>
  </trkpt>
  <trkpt lat="30.58614" lon="-9.75815">
    <name>TP3031</name>
  </trkpt>
  <trkpt lat="30.58622" lon="-9.75821">
    <name>TP3032</name>
  </trkpt>
  <trkpt lat="30.58635" lon="-9.7583">
    <name>TP3033</name>
  </trkpt>
  <trkpt lat="30.58651" lon="-9.7584">
    <name>TP3034</name>
  </trkpt>
  <trkpt lat="30.58732" lon="-9.75885">
    <name>TP3035</name>
  </trkpt>
  <trkpt lat="30.58747" lon="-9.75893">
    <name>TP3036</name>
  </trkpt>
  <trkpt lat="30.58799" lon="-9.75924">
    <name>TP3037</name>
  </trkpt>
  <trkpt lat="30.5882" lon="-9.75936">
    <name>TP3038</name>
  </trkpt>
  <trkpt lat="30.58867" lon="-9.75965">
    <name>TP3039</name>
  </trkpt>
  <trkpt lat="30.59085" lon="-9.7609">
    <name>TP3040</name>
  </trkpt>
  <trkpt lat="30.59193" lon="-9.7615">
    <name>TP3041</name>
  </trkpt>
  <trkpt lat="30.59229" lon="-9.76171">
    <name>TP3042</name>
  </trkpt>
  <trkpt lat="30.59295" lon="-9.76208">
    <name>TP3043</name>
  </trkpt>
  <trkpt lat="30.59304" lon="-9.76213">
    <name>TP3044</name>
  </trkpt>
  <trkpt lat="30.5931" lon="-9.76218">
    <name>TP3045</name>
  </trkpt>
  <trkpt lat="30.59316" lon="-9.76223">
    <name>TP3046</name>
  </trkpt>
  <trkpt lat="30.59323" lon="-9.76231">
    <name>TP3047</name>
  </trkpt>
  <trkpt lat="30.59332" lon="-9.76241">
    <name>TP3048</name>
  </trkpt>
  <trkpt lat="30.59348" lon="-9.7627">
    <name>TP3049</name>
  </trkpt>
  <trkpt lat="30.59352" lon="-9.76277">
    <name>TP3050</name>
  </trkpt>
  <trkpt lat="30.59361" lon="-9.76294">
    <name>TP3051</name>
  </trkpt>
  <trkpt lat="30.5937" lon="-9.7631">
    <name>TP3052</name>
  </trkpt>
  <trkpt lat="30.59381" lon="-9.76337">
    <name>TP3053</name>
  </trkpt>
  <trkpt lat="30.59389" lon="-9.76363">
    <name>TP3054</name>
  </trkpt>
  <trkpt lat="30.5939" lon="-9.76371">
    <name>TP3055</name>
  </trkpt>
  <trkpt lat="30.59392" lon="-9.76382">
    <name>TP3056</name>
  </trkpt>
  <trkpt lat="30.59397" lon="-9.76446">
    <name>TP3057</name>
  </trkpt>
  <trkpt lat="30.59399" lon="-9.76489">
    <name>TP3058</name>
  </trkpt>
  <trkpt lat="30.59404" lon="-9.76543">
    <name>TP3059</name>
  </trkpt>
  <trkpt lat="30.59406" lon="-9.76579">
    <name>TP3060</name>
  </trkpt>
  <trkpt lat="30.59414" lon="-9.76633">
    <name>TP3061</name>
  </trkpt>
  <trkpt lat="30.59416" lon="-9.76643">
    <name>TP3062</name>
  </trkpt>
  <trkpt lat="30.59423" lon="-9.76671">
    <name>TP3063</name>
  </trkpt>
  <trkpt lat="30.59451" lon="-9.76774">
    <name>TP3064</name>
  </trkpt>
  <trkpt lat="30.59462" lon="-9.76816">
    <name>TP3065</name>
  </trkpt>
  <trkpt lat="30.59469" lon="-9.76852">
    <name>TP3066</name>
  </trkpt>
  <trkpt lat="30.59482" lon="-9.76913">
    <name>TP3067</name>
  </trkpt>
  <trkpt lat="30.59482" lon="-9.76915">
    <name>TP3068</name>
  </trkpt>
  <trkpt lat="30.59489" lon="-9.76949">
    <name>TP3069</name>
  </trkpt>
  <trkpt lat="30.59492" lon="-9.7696">
    <name>TP3070</name>
  </trkpt>
  <trkpt lat="30.59497" lon="-9.76975">
    <name>TP3071</name>
  </trkpt>
  <trkpt lat="30.59504" lon="-9.76993">
    <name>TP3072</name>
  </trkpt>
  <trkpt lat="30.59514" lon="-9.77016">
    <name>TP3073</name>
  </trkpt>
  <trkpt lat="30.59523" lon="-9.77037">
    <name>TP3074</name>
  </trkpt>
  <trkpt lat="30.5953" lon="-9.7706">
    <name>TP3075</name>
  </trkpt>
  <trkpt lat="30.5955" lon="-9.77129">
    <name>TP3076</name>
  </trkpt>
  <trkpt lat="30.59556" lon="-9.77147">
    <name>TP3077</name>
  </trkpt>
  <trkpt lat="30.59564" lon="-9.77166">
    <name>TP3078</name>
  </trkpt>
  <trkpt lat="30.5957" lon="-9.77189">
    <name>TP3079</name>
  </trkpt>
  <trkpt lat="30.59574" lon="-9.77208">
    <name>TP3080</name>
  </trkpt>
  <trkpt lat="30.59583" lon="-9.77268">
    <name>TP3081</name>
  </trkpt>
  <trkpt lat="30.5959" lon="-9.77293">
    <name>TP3082</name>
  </trkpt>
  <trkpt lat="30.59598" lon="-9.77307">
    <name>TP3083</name>
  </trkpt>
  <trkpt lat="30.59605" lon="-9.77316">
    <name>TP3084</name>
  </trkpt>
  <trkpt lat="30.59615" lon="-9.77326">
    <name>TP3085</name>
  </trkpt>
  <trkpt lat="30.59624" lon="-9.77333">
    <name>TP3086</name>
  </trkpt>
  <trkpt lat="30.59642" lon="-9.77343">
    <name>TP3087</name>
  </trkpt>
  <trkpt lat="30.59665" lon="-9.77355">
    <name>TP3088</name>
  </trkpt>
  <trkpt lat="30.59693" lon="-9.77371">
    <name>TP3089</name>
  </trkpt>
  <trkpt lat="30.59729" lon="-9.77389">
    <name>TP3090</name>
  </trkpt>
  <trkpt lat="30.59748" lon="-9.77398">
    <name>TP3091</name>
  </trkpt>
  <trkpt lat="30.59789" lon="-9.77417">
    <name>TP3092</name>
  </trkpt>
  <trkpt lat="30.59824" lon="-9.77432">
    <name>TP3093</name>
  </trkpt>
  <trkpt lat="30.59859" lon="-9.77447">
    <name>TP3094</name>
  </trkpt>
  <trkpt lat="30.5993" lon="-9.77473">
    <name>TP3095</name>
  </trkpt>
  <trkpt lat="30.60039" lon="-9.77515">
    <name>TP3096</name>
  </trkpt>
  <trkpt lat="30.60059" lon="-9.77525">
    <name>TP3097</name>
  </trkpt>
  <trkpt lat="30.60072" lon="-9.77533">
    <name>TP3098</name>
  </trkpt>
  <trkpt lat="30.60082" lon="-9.77541">
    <name>TP3099</name>
  </trkpt>
  <trkpt lat="30.60091" lon="-9.77551">
    <name>TP3100</name>
  </trkpt>
  <trkpt lat="30.60099" lon="-9.77561">
    <name>TP3101</name>
  </trkpt>
  <trkpt lat="30.60105" lon="-9.7757">
    <name>TP3102</name>
  </trkpt>
  <trkpt lat="30.60135" lon="-9.77617">
    <name>TP3103</name>
  </trkpt>
  <trkpt lat="30.60145" lon="-9.77633">
    <name>TP3104</name>
  </trkpt>
  <trkpt lat="30.60159" lon="-9.77652">
    <name>TP3105</name>
  </trkpt>
  <trkpt lat="30.60168" lon="-9.77661">
    <name>TP3106</name>
  </trkpt>
  <trkpt lat="30.6018" lon="-9.77671">
    <name>TP3107</name>
  </trkpt>
  <trkpt lat="30.60182" lon="-9.77673">
    <name>TP3108</name>
  </trkpt>
  <trkpt lat="30.60208" lon="-9.77684">
    <name>TP3109</name>
  </trkpt>
  <trkpt lat="30.60228" lon="-9.77692">
    <name>TP3110</name>
  </trkpt>
  <trkpt lat="30.60261" lon="-9.77704">
    <name>TP3111</name>
  </trkpt>
  <trkpt lat="30.60305" lon="-9.7772">
    <name>TP3112</name>
  </trkpt>
  <trkpt lat="30.60356" lon="-9.77737">
    <name>TP3113</name>
  </trkpt>
  <trkpt lat="30.60462" lon="-9.77775">
    <name>TP3114</name>
  </trkpt>
  <trkpt lat="30.60549" lon="-9.77805">
    <name>TP3115</name>
  </trkpt>
  <trkpt lat="30.60567" lon="-9.77811">
    <name>TP3116</name>
  </trkpt>
  <trkpt lat="30.6056705" lon="-9.7781129">
    <name>TP3117</name>
  </trkpt>
  <trkpt lat="30.60564" lon="-9.7782">
    <name>TP3118</name>
  </trkpt>
  <trkpt lat="30.60561" lon="-9.77824">
    <name>TP3119</name>
  </trkpt>
  <trkpt lat="30.60551" lon="-9.7784">
    <name>TP3120</name>
  </trkpt>
  <trkpt lat="30.6055" lon="-9.77842">
    <name>TP3121</name>
  </trkpt>
  <trkpt lat="30.605504" lon="-9.7784152">
    <name>TP3122</name>
  </trkpt>
  <trkpt lat="30.605504" lon="-9.7784152">
    <name>TP3123</name>
  </trkpt>
  <trkpt lat="30.605504" lon="-9.7784152">
    <name>TP3124</name>
  </trkpt>
  </trkseg>
</trk>
</gpx>